transaction_id,account_id,transaction_amount,transaction_frequency,merchant_category,location,time_pattern,is_night_transaction,is_weekend,account_age_days,avg_monthly_income,debt_to_income,interest_rate,credit_utilization,failed_login_attempts,device_risk_score,is_risk
TXN_10001,ACC_754,71.31,2,Grocery,International_LowRisk,7,0,1,2263,6031.69,0.36,4.73,0.47,0,0.38,0
TXN_10002,ACC_532,256.35,1,Grocery,Domestic,7,0,0,2962,6031.73,0.16,16.12,0.45,0,0.24,0
TXN_10003,ACC_658,229.37,1,Utilities,Domestic,8,0,0,683,6983.92,0.21,9.4,0.19,0,0.09,0
TXN_10004,ACC_448,56.31,7,Grocery,Domestic,10,0,1,3501,2673.44,0.25,8.58,0.17,0,0.25,0
TXN_10005,ACC_370,2631.27,20,Crypto_Exchange,International_LowRisk,17,0,1,2291,5411.23,0.66,11.59,0.72,1,0.91,1
TXN_10006,ACC_400,1154.36,30,Crypto_Exchange,International_LowRisk,11,0,0,217,6721.85,0.84,14.1,0.96,1,0.63,1
TXN_10007,ACC_777,58.59,2,Grocery,Domestic,2,1,0,1887,6473.01,0.3,4.43,0.44,0,0.05,0
TXN_10008,ACC_473,303.05,2,Grocery,Domestic,21,0,1,730,4384.58,0.26,10.5,0.43,0,0.11,0
TXN_10009,ACC_350,109.95,4,Grocery,Domestic,20,0,0,3482,7976.93,0.42,5.11,0.58,0,0.08,0
TXN_10010,ACC_157,41.18,2,Grocery,Domestic,10,0,0,2353,6842.74,0.29,7.39,0.26,0,0.03,0
TXN_10011,ACC_422,226.75,5,Grocery,Domestic,20,0,0,3081,7148.17,0.34,4.93,0.24,0,0.15,0
TXN_10012,ACC_369,535.1,4,Luxury_Goods,Domestic,18,0,0,596,5729.84,0.15,14.19,0.2,2,0.31,0
TXN_10013,ACC_193,4794.84,33,Luxury_Goods,International_HighRisk,4,1,0,1759,4821.56,0.48,14.79,0.9,6,0.88,1
TXN_10014,ACC_710,132.16,1,Grocery,Domestic,14,0,0,499,5881.58,0.26,8.06,0.13,0,0.14,0
TXN_10015,ACC_649,171.95,7,Luxury_Goods,International_LowRisk,10,0,1,43,7223.27,0.32,13.51,0.54,0,0.26,0
TXN_10016,ACC_996,113.87,2,Luxury_Goods,Online_Unverified,5,1,0,1252,5209.76,0.33,9.34,0.35,1,0.31,0
TXN_10017,ACC_619,18.09,1,Electronics,Domestic,5,1,0,2031,6683.52,0.37,15.34,0.12,0,0.05,1
TXN_10018,ACC_471,1503.59,15,Wire_Transfer,International_HighRisk,9,0,1,352,2524.86,0.54,4.96,0.9,5,0.76,1
TXN_10019,ACC_187,1697.49,12,Luxury_Goods,International_HighRisk,17,0,0,1976,8330.8,0.77,14.05,0.96,6,0.66,1
TXN_10020,ACC_662,39.78,4,Grocery,Domestic,19,0,0,3123,7157.5,0.43,15.2,0.37,1,0.36,0
TXN_10021,ACC_305,60.93,8,Luxury_Goods,Domestic,21,0,0,1879,7092.24,0.3,4.09,0.21,1,0.05,0
TXN_10022,ACC_330,100.79,4,Grocery,Domestic,17,0,1,2929,7022.11,0.19,8.22,0.21,0,0.17,0
TXN_10023,ACC_334,358.57,4,Grocery,Domestic,10,0,1,2018,7015.1,0.4,16.03,0.36,0,0.14,0
TXN_10024,ACC_235,1515.21,33,Luxury_Goods,International_HighRisk,18,0,0,3337,6351.11,0.56,4.46,0.75,4,0.79,1
TXN_10025,ACC_516,127.86,7,Grocery,Domestic,13,0,0,3016,6115.28,0.25,5.81,0.13,0,0.21,0
TXN_10026,ACC_769,95.67,2,Travel,Domestic,12,0,0,809,7103.09,0.39,13.52,0.22,0,0.39,0
TXN_10027,ACC_243,47.56,2,Utilities,Domestic,7,0,0,3558,7673.71,0.37,5.13,0.28,0,0.29,0
TXN_10028,ACC_200,231.44,4,Grocery,Online_Unverified,0,1,0,2019,10880.91,0.16,11.39,0.19,0,0.14,0
TXN_10029,ACC_985,150.82,7,Utilities,Domestic,12,0,1,3241,4375.39,0.23,12.64,0.36,0,0.02,0
TXN_10030,ACC_392,73.68,8,Utilities,Online_Unverified,17,0,0,1245,7447.18,0.27,5.42,0.17,0,0.38,0
TXN_10031,ACC_159,325.34,1,Electronics,Domestic,23,1,0,2089,6954.92,0.38,10.62,0.23,0,0.35,0
TXN_10032,ACC_643,48.23,2,Grocery,Online_Unverified,2,1,0,2795,9114.29,0.47,11.91,0.55,0,0.05,0
TXN_10033,ACC_513,1949.16,9,Grocery,International_HighRisk,7,0,0,365,7000.99,0.81,12.03,0.89,5,0.74,1
TXN_10034,ACC_529,25.55,4,Electronics,Domestic,10,0,0,1316,7192.9,0.36,4.11,0.55,0,0.07,0
TXN_10035,ACC_505,27.84,2,Grocery,International_LowRisk,14,0,0,2574,10231.55,0.21,12.15,0.1,0,0.27,0
TXN_10036,ACC_202,45.47,6,Grocery,Domestic,8,0,1,3631,7447.67,0.26,13.33,0.22,1,0.29,0
TXN_10037,ACC_391,4170.71,33,Grocery,International_HighRisk,22,0,0,2196,6009.22,0.68,7.32,0.87,6,0.93,1
TXN_10038,ACC_108,48.56,3,Electronics,Domestic,21,0,1,468,4992.53,0.46,11.89,0.3,0,0.39,0
TXN_10039,ACC_259,205.06,5,Grocery,International_LowRisk,22,0,0,1058,7751.33,0.32,7.51,0.39,0,0.21,0
TXN_10040,ACC_966,17.95,6,Grocery,International_LowRisk,8,0,1,2639,4785.68,0.48,15.92,0.19,0,0.26,0
TXN_10041,ACC_265,310.62,2,Luxury_Goods,Domestic,13,0,0,3647,7446.48,0.47,16.05,0.11,0,0.15,0
TXN_10042,ACC_252,7210.85,21,Utilities,International_HighRisk,18,0,0,201,6354.34,0.79,7.96,0.78,2,0.71,1
TXN_10043,ACC_415,37.29,4,Utilities,Online_Unverified,1,1,0,2761,4732.29,0.39,11.69,0.57,0,0.23,0
TXN_10044,ACC_898,16636.99,15,Electronics,International_HighRisk,19,0,0,3306,6807.45,0.8,13.26,0.82,2,0.65,1
TXN_10045,ACC_930,158.29,6,Grocery,Domestic,5,1,0,1716,7530.07,0.25,14.84,0.28,0,0.28,0
TXN_10046,ACC_984,308.35,2,Luxury_Goods,Domestic,5,1,0,188,7527.57,0.43,12.12,0.35,0,0.21,0
TXN_10047,ACC_327,160.27,4,Grocery,Online_Unverified,11,0,0,2733,4954.35,0.27,11.23,0.55,0,0.32,0
TXN_10048,ACC_436,19.39,7,Grocery,Domestic,8,0,0,3485,6026.36,0.25,11.39,0.37,0,0.19,0
TXN_10049,ACC_128,18.72,5,Grocery,Online_Unverified,5,1,0,2473,6628.56,0.28,13.62,0.51,0,0.02,0
TXN_10050,ACC_846,44.17,4,Luxury_Goods,Domestic,16,0,1,2933,4344.51,0.17,10.64,0.14,0,0.25,0
TXN_10051,ACC_632,3222.69,31,Gambling,Domestic,23,1,0,837,2449.71,0.84,13.94,0.89,6,0.85,1
TXN_10052,ACC_472,52.9,2,Utilities,Online_Unverified,10,0,0,1260,6872.91,0.16,16.03,0.14,0,0.18,0
TXN_10053,ACC_782,231.93,4,Utilities,Domestic,9,0,0,1582,5550.11,0.21,10.87,0.3,0,0.28,0
TXN_10054,ACC_278,165.46,5,Electronics,Domestic,17,0,0,1790,5193.34,0.48,13.22,0.24,0,0.27,0
TXN_10055,ACC_721,111.99,8,Electronics,Domestic,14,0,0,3290,9033.82,0.24,4.18,0.31,0,0.25,0
TXN_10056,ACC_774,29.81,2,Grocery,Domestic,20,0,0,3106,5084.66,0.45,12.8,0.12,0,0.03,0
TXN_10057,ACC_417,92.13,8,Grocery,Domestic,0,1,1,3177,5994.86,0.32,8.98,0.35,0,0.05,0
TXN_10058,ACC_524,3848.53,23,Wire_Transfer,Domestic,22,0,0,1029,4004.43,0.6,11.82,0.66,4,0.85,1
TXN_10059,ACC_251,98.93,4,Electronics,Domestic,3,1,0,2880,6898.12,0.21,4.33,0.43,0,0.34,0
TXN_10060,ACC_151,120.76,8,Electronics,Online_Unverified,3,1,0,2319,5299.57,0.29,12.04,0.39,0,0.38,0
TXN_10061,ACC_873,2645.35,21,Wire_Transfer,International_LowRisk,23,1,0,1856,7061.98,0.6,4.89,0.96,5,0.81,1
TXN_10062,ACC_262,61.1,5,Luxury_Goods,Domestic,8,0,0,2165,5254.6,0.44,7.52,0.11,0,0.34,0
TXN_10063,ACC_344,30.09,6,Grocery,Domestic,9,0,1,2242,8125.72,0.46,7.53,0.41,0,0.28,0
TXN_10064,ACC_254,38.44,7,Grocery,International_LowRisk,22,0,1,2252,7759.26,0.5,9.16,0.5,0,0.3,0
TXN_10065,ACC_163,70.83,1,Grocery,Domestic,18,0,0,3165,6064.64,0.48,13.39,0.27,1,0.31,0
TXN_10066,ACC_588,183.56,7,Grocery,Domestic,12,0,0,3039,8697.55,0.33,14.33,0.55,0,0.05,0
TXN_10067,ACC_717,1850.07,8,Wire_Transfer,Domestic,8,0,0,1406,7148.33,0.45,15.88,0.78,4,0.95,1
TXN_10068,ACC_784,117.24,3,Electronics,Domestic,5,1,0,2217,6239.71,0.25,8.11,0.32,2,0.26,0
TXN_10069,ACC_503,148.96,3,Electronics,International_LowRisk,2,1,0,774,6475.51,0.43,4.72,0.5,1,0.3,0
TXN_10070,ACC_488,110.7,7,Grocery,Domestic,10,0,0,3437,4705.49,0.27,5.46,0.54,0,0.18,0
TXN_10071,ACC_954,33.52,6,Grocery,Domestic,17,0,1,311,6989.93,0.19,4.91,0.41,0,0.31,0
TXN_10072,ACC_767,222.02,1,Grocery,Domestic,7,0,1,1007,5486.11,0.18,16.33,0.14,0,0.29,0
TXN_10073,ACC_785,71.26,6,Grocery,Online_Unverified,14,0,0,2517,5063.11,0.48,13.71,0.51,0,0.15,0
TXN_10074,ACC_835,3360.76,8,Grocery,International_HighRisk,9,0,1,2388,6073.11,0.49,10.16,0.95,3,0.77,1
TXN_10075,ACC_793,539.97,26,Gambling,Domestic,22,0,1,3432,7145.44,0.5,13.33,0.67,6,0.78,1
TXN_10076,ACC_742,120.07,2,Grocery,International_LowRisk,9,0,0,2348,4845.54,0.25,14.86,0.29,0,0.39,0
TXN_10077,ACC_455,45.37,6,Utilities,International_LowRisk,2,1,0,1750,6948.18,0.49,4.92,0.11,0,0.39,0
TXN_10078,ACC_208,111.85,7,Utilities,Domestic,14,0,0,2167,6525.18,0.37,12.7,0.36,0,0.39,0
TXN_10079,ACC_376,87.74,5,Electronics,Online_Unverified,15,0,0,1035,10879.61,0.47,7.47,0.39,0,0.25,0
TXN_10080,ACC_188,40.01,7,Grocery,Domestic,14,0,0,2054,4883.4,0.35,4.97,0.28,0,0.19,0
TXN_10081,ACC_286,454.8,5,Utilities,Domestic,8,0,0,2146,8400.85,0.34,12.56,0.45,0,0.39,0
TXN_10082,ACC_187,36.3,8,Grocery,Domestic,17,0,0,2040,5346.19,0.48,13.07,0.51,0,0.37,0
TXN_10083,ACC_117,129.05,6,Grocery,Domestic,22,0,1,2204,8858.88,0.45,16.34,0.57,0,0.17,0
TXN_10084,ACC_863,34.56,5,Electronics,Domestic,14,0,1,2984,5561.65,0.49,14.53,0.29,0,0.24,0
TXN_10085,ACC_222,233.66,4,Luxury_Goods,Online_Unverified,22,0,1,1162,6510.49,0.25,13.61,0.31,0,0.19,0
TXN_10086,ACC_878,362.54,5,Utilities,Domestic,3,1,0,764,6593.96,0.31,5.61,0.22,0,0.34,0
TXN_10087,ACC_825,384.63,3,Utilities,Domestic,1,1,0,3113,3431.77,0.39,5.42,0.21,0,0.25,0
TXN_10088,ACC_993,148.61,3,Grocery,Domestic,15,0,0,1064,9055.35,0.33,14.65,0.49,2,0.21,0
TXN_10089,ACC_589,111.33,1,Grocery,Domestic,15,0,1,3352,7790.75,0.29,12.8,0.54,0,0.23,0
TXN_10090,ACC_411,43.74,4,Grocery,Domestic,17,0,0,1588,9237.26,0.27,11.37,0.11,0,0.06,0
TXN_10091,ACC_553,74.76,1,Grocery,Domestic,13,0,0,3061,9504.71,0.27,8.96,0.55,0,0.18,0
TXN_10092,ACC_881,131.77,4,Grocery,Domestic,21,0,1,337,6648.19,0.2,15.58,0.57,0,0.35,0
TXN_10093,ACC_518,96.3,5,Utilities,Domestic,9,0,1,2909,2365.12,0.49,11.92,0.33,0,0.11,0
TXN_10094,ACC_172,47.96,4,Electronics,Online_Unverified,20,0,0,2260,6321.76,0.19,5.9,0.16,0,0.04,0
TXN_10095,ACC_252,1023.11,33,Gambling,International_HighRisk,2,1,1,2467,6374.64,0.59,12.34,0.71,3,0.85,1
TXN_10096,ACC_866,1161.95,30,Crypto_Exchange,Online_Unverified,14,0,1,2896,8410.28,0.52,7.48,0.66,3,0.67,1
TXN_10097,ACC_512,1181.84,27,Gambling,Domestic,15,0,0,1799,5392.7,0.63,10.29,0.69,1,0.63,1
TXN_10098,ACC_852,155.69,1,Grocery,Domestic,2,1,1,2783,4104.24,0.37,5.02,0.5,2,0.03,0
TXN_10099,ACC_690,263.18,8,Grocery,International_LowRisk,15,0,0,773,7728.33,0.25,6.31,0.13,1,0.37,0
TXN_10100,ACC_546,43.19,7,Electronics,Domestic,2,1,0,2774,8015.02,0.37,8.61,0.34,0,0.15,0
TXN_10101,ACC_264,89.51,7,Grocery,International_LowRisk,9,0,0,2283,7653.11,0.24,10.4,0.12,0,0.3,0
TXN_10102,ACC_190,106.14,1,Grocery,Domestic,12,0,0,2252,7122.5,0.34,7.03,0.32,0,0.05,0
TXN_10103,ACC_155,52.64,1,Grocery,Domestic,15,0,0,2279,5206.85,0.26,5.5,0.11,0,0.16,0
TXN_10104,ACC_394,280.45,4,Utilities,International_LowRisk,3,1,1,1302,4336.9,0.43,10.23,0.44,0,0.24,0
TXN_10105,ACC_665,25.91,2,Utilities,Domestic,3,1,0,660,4425.51,0.41,7.55,0.39,0,0.22,0
TXN_10106,ACC_833,69.13,8,Grocery,International_LowRisk,13,0,0,2287,6119.32,0.27,16.33,0.39,0,0.26,0
TXN_10107,ACC_295,3757.92,16,Gambling,Domestic,4,1,0,1422,5198.71,0.51,6.33,0.68,4,0.69,1
TXN_10108,ACC_906,1674.62,34,Utilities,International_HighRisk,9,0,0,2405,5525.75,0.48,10.56,0.95,5,0.67,1
TXN_10109,ACC_775,78.4,6,Utilities,Domestic,17,0,0,2255,5346.46,0.29,6.14,0.16,0,0.39,0
TXN_10110,ACC_429,4365.96,15,Wire_Transfer,Online_Unverified,7,0,0,208,8010.78,0.68,7.5,0.83,4,0.96,1
TXN_10111,ACC_425,191.1,3,Luxury_Goods,International_LowRisk,12,0,0,181,3244.92,0.3,5.44,0.26,0,0.08,0
TXN_10112,ACC_704,128.18,8,Grocery,Domestic,14,0,1,620,6596.17,0.2,10.01,0.39,0,0.12,0
TXN_10113,ACC_770,106.27,7,Travel,Domestic,8,0,0,3518,8512.59,0.2,7.18,0.27,0,0.03,0
TXN_10114,ACC_790,4504.49,32,Wire_Transfer,Domestic,10,0,0,3603,5346.22,0.64,9.15,0.85,4,0.9,1
TXN_10115,ACC_654,66.49,5,Grocery,Domestic,20,0,0,3088,7242.29,0.49,15.73,0.52,2,0.37,0
TXN_10116,ACC_200,38.99,5,Luxury_Goods,International_LowRisk,3,1,0,218,5292.03,0.35,14.52,0.47,1,0.04,0
TXN_10117,ACC_157,33.07,7,Grocery,Domestic,4,1,1,3276,7288.9,0.21,12.31,0.2,0,0.32,0
TXN_10118,ACC_279,3091.32,23,Grocery,International_HighRisk,19,0,0,616,5658.03,0.61,14.21,0.94,5,0.74,1
TXN_10119,ACC_337,84.39,8,Utilities,Domestic,8,0,0,2805,6536.84,0.26,6.9,0.33,1,0.16,0
TXN_10120,ACC_175,290.8,7,Utilities,Domestic,18,0,0,1901,9852.87,0.47,11.8,0.37,0,0.16,0
TXN_10121,ACC_303,935.1,26,Travel,International_HighRisk,3,1,1,2384,7176.99,0.58,11.75,0.86,3,0.97,1
TXN_10122,ACC_402,106.49,1,Travel,Domestic,21,0,0,2839,5669.42,0.2,7.9,0.49,0,0.36,0
TXN_10123,ACC_150,1499.84,15,Gambling,International_LowRisk,9,0,0,3314,7457.96,0.68,8.28,0.66,5,0.89,1
TXN_10124,ACC_460,221.62,3,Grocery,Domestic,8,0,0,2600,7167.32,0.19,8.97,0.52,0,0.05,0
TXN_10125,ACC_416,206.52,2,Luxury_Goods,Domestic,11,0,0,1368,8239.21,0.4,12.67,0.21,1,0.07,0
TXN_10126,ACC_279,108.9,5,Grocery,International_LowRisk,11,0,0,1082,9211.28,0.21,15.36,0.27,0,0.11,0
TXN_10127,ACC_593,120.07,8,Travel,Domestic,10,0,0,606,7059.94,0.48,10.32,0.33,2,0.17,0
TXN_10128,ACC_331,3808.71,33,Wire_Transfer,International_LowRisk,12,0,0,1528,4249.02,0.82,11.06,0.94,5,0.61,1
TXN_10129,ACC_192,158.14,6,Luxury_Goods,Domestic,17,0,1,2783,10264.05,0.2,9.3,0.45,0,0.37,0
TXN_10130,ACC_490,5167.22,23,Crypto_Exchange,Online_Unverified,3,1,0,2567,9190.84,0.63,5.42,0.96,1,0.96,1
TXN_10131,ACC_674,517.7,8,Grocery,International_LowRisk,20,0,1,1267,6611.45,0.47,11.39,0.16,1,0.34,0
TXN_10132,ACC_219,76.1,2,Grocery,Online_Unverified,9,0,0,2231,8688.38,0.43,4.06,0.27,0,0.03,0
TXN_10133,ACC_564,63.69,7,Utilities,Online_Unverified,22,0,0,3006,3920.08,0.47,13.22,0.37,0,0.17,0
TXN_10134,ACC_524,2606.57,16,Electronics,International_HighRisk,19,0,0,2857,3909.84,0.51,6.2,0.8,1,0.69,1
TXN_10135,ACC_479,97.79,2,Grocery,Domestic,7,0,0,1534,10197.91,0.28,4.16,0.56,2,0.17,0
TXN_10136,ACC_760,145.71,8,Utilities,Domestic,6,0,0,898,8753.13,0.2,9.18,0.58,0,0.08,0
TXN_10137,ACC_711,25.71,3,Travel,Domestic,10,0,1,870,6527.86,0.36,6.62,0.35,0,0.4,0
TXN_10138,ACC_883,289.0,3,Electronics,Domestic,7,0,0,2471,6451.75,0.16,9.9,0.2,0,0.09,1
TXN_10139,ACC_979,114.85,3,Travel,Online_Unverified,17,0,1,3578,1500.0,0.31,9.01,0.49,0,0.04,0
TXN_10140,ACC_115,113.42,3,Utilities,International_LowRisk,18,0,0,549,8683.01,0.45,15.83,0.19,0,0.07,0
TXN_10141,ACC_638,71.08,2,Grocery,Domestic,14,0,0,937,8371.36,0.29,4.34,0.42,0,0.12,0
TXN_10142,ACC_144,45.12,8,Luxury_Goods,Online_Unverified,21,0,0,157,9043.11,0.16,5.3,0.44,0,0.1,0
TXN_10143,ACC_590,6131.56,22,Crypto_Exchange,Domestic,3,1,0,360,6019.35,0.55,13.03,0.87,1,0.67,1
TXN_10144,ACC_429,247.3,6,Electronics,Domestic,8,0,0,2476,5750.36,0.38,6.56,0.3,0,0.33,0
TXN_10145,ACC_564,56.63,4,Utilities,Domestic,22,0,1,965,7152.27,0.18,9.27,0.11,0,0.36,0
TXN_10146,ACC_947,282.82,6,Utilities,Domestic,3,1,0,1563,3997.77,0.24,8.75,0.27,0,0.33,0
TXN_10147,ACC_803,3623.11,11,Gambling,Domestic,2,1,1,3056,2336.14,0.61,7.68,0.86,6,0.7,1
TXN_10148,ACC_481,10878.44,25,Crypto_Exchange,Domestic,18,0,0,2774,9892.91,0.8,10.09,0.7,3,0.9,1
TXN_10149,ACC_225,8373.39,31,Utilities,International_HighRisk,13,0,0,1208,7115.6,0.46,11.92,0.79,1,0.91,1
TXN_10150,ACC_714,50.79,8,Grocery,Domestic,16,0,1,473,3079.66,0.49,10.57,0.52,0,0.06,0
TXN_10151,ACC_669,37.6,7,Utilities,International_LowRisk,18,0,1,3173,6891.69,0.47,7.43,0.11,0,0.12,0
TXN_10152,ACC_728,111.94,5,Electronics,Domestic,19,0,0,1149,4543.25,0.22,4.14,0.51,0,0.26,0
TXN_10153,ACC_416,1015.23,26,Gambling,Domestic,5,1,0,1671,9830.95,0.69,6.19,0.94,6,0.95,1
TXN_10154,ACC_171,309.99,4,Grocery,International_LowRisk,0,1,1,1888,8528.74,0.33,4.59,0.29,0,0.17,0
TXN_10155,ACC_478,36.82,1,Grocery,Domestic,18,0,0,3120,5276.96,0.36,7.61,0.14,0,0.3,0
TXN_10156,ACC_790,67.75,8,Grocery,Domestic,13,0,0,912,3686.68,0.35,9.95,0.25,0,0.29,0
TXN_10157,ACC_216,145.76,8,Grocery,Domestic,21,0,0,1293,5348.72,0.23,10.2,0.47,0,0.38,0
TXN_10158,ACC_504,124.01,4,Travel,Domestic,6,0,0,3160,6744.02,0.19,4.94,0.49,0,0.14,0
TXN_10159,ACC_435,171.32,7,Grocery,Domestic,13,0,1,972,7915.5,0.3,13.99,0.44,0,0.2,0
TXN_10160,ACC_953,157.37,1,Electronics,Domestic,12,0,0,1913,5375.07,0.28,5.14,0.4,0,0.12,0
TXN_10161,ACC_982,314.12,7,Grocery,Domestic,12,0,0,1689,6855.4,0.31,14.91,0.58,0,0.06,0
TXN_10162,ACC_432,173.11,6,Grocery,Online_Unverified,14,0,0,3489,3829.31,0.39,14.61,0.43,0,0.32,0
TXN_10163,ACC_546,49.47,6,Electronics,Domestic,12,0,0,3221,7359.24,0.5,6.26,0.21,0,0.2,0
TXN_10164,ACC_622,115.7,6,Electronics,Domestic,6,0,0,3384,6915.38,0.39,7.72,0.12,0,0.37,0
TXN_10165,ACC_251,324.87,3,Grocery,Domestic,6,0,1,2714,6556.64,0.32,7.99,0.57,0,0.39,0
TXN_10166,ACC_891,226.87,8,Electronics,Domestic,18,0,0,3642,6559.51,0.23,5.51,0.4,0,0.02,0
TXN_10167,ACC_750,24.61,8,Travel,Domestic,20,0,0,1841,6126.26,0.4,10.74,0.27,0,0.28,0
TXN_10168,ACC_915,202.69,8,Grocery,Domestic,16,0,1,263,5620.54,0.46,11.7,0.41,0,0.13,0
TXN_10169,ACC_393,1428.25,24,Grocery,International_HighRisk,2,1,0,1925,6664.57,0.46,15.74,0.94,4,0.61,1
TXN_10170,ACC_694,207.4,4,Electronics,International_LowRisk,1,1,0,1978,8630.96,0.42,9.02,0.28,0,0.4,0
TXN_10171,ACC_163,2787.91,10,Utilities,International_HighRisk,10,0,0,2676,5608.99,0.84,9.27,0.94,5,0.84,1
TXN_10172,ACC_276,175.54,3,Grocery,International_LowRisk,14,0,0,1188,9406.77,0.27,7.59,0.16,0,0.1,0
TXN_10173,ACC_893,57.17,2,Grocery,Domestic,20,0,0,2315,6430.63,0.16,8.8,0.12,0,0.1,0
TXN_10174,ACC_390,4484.16,18,Grocery,International_HighRisk,19,0,0,2416,6968.43,0.76,5.12,0.96,1,0.69,1
TXN_10175,ACC_779,79.87,7,Grocery,Domestic,20,0,0,2933,4254.56,0.31,16.39,0.57,0,0.35,0
TXN_10176,ACC_417,46.62,2,Electronics,International_LowRisk,10,0,0,1764,7264.82,0.36,10.41,0.42,0,0.38,0
TXN_10177,ACC_118,46.47,8,Utilities,Domestic,6,0,0,593,5225.23,0.22,4.72,0.21,0,0.08,0
TXN_10178,ACC_402,12669.79,24,Crypto_Exchange,Domestic,17,0,0,2741,8878.03,0.85,6.17,0.96,1,0.94,1
TXN_10179,ACC_444,2266.04,13,Wire_Transfer,International_LowRisk,19,0,0,3435,5395.55,0.51,6.8,0.88,2,0.9,1
TXN_10180,ACC_809,3194.91,9,Luxury_Goods,International_HighRisk,5,1,0,1522,7765.86,0.49,14.97,0.84,4,0.83,1
TXN_10181,ACC_792,52.04,8,Luxury_Goods,Online_Unverified,19,0,0,1009,7071.73,0.48,12.19,0.54,0,0.06,0
TXN_10182,ACC_928,111.05,8,Luxury_Goods,Online_Unverified,6,0,0,1184,7168.91,0.28,7.25,0.3,0,0.04,0
TXN_10183,ACC_614,169.23,3,Utilities,Online_Unverified,6,0,0,243,5464.78,0.23,14.64,0.14,1,0.2,0
TXN_10184,ACC_995,97.02,2,Utilities,Online_Unverified,22,0,0,3155,6947.58,0.44,8.35,0.4,0,0.2,0
TXN_10185,ACC_560,4466.39,15,Gambling,Domestic,13,0,1,1461,7681.31,0.8,14.63,0.74,4,0.82,1
TXN_10186,ACC_127,257.35,2,Utilities,Domestic,11,0,1,145,8717.41,0.39,12.5,0.52,0,0.29,0
TXN_10187,ACC_201,3873.78,17,Crypto_Exchange,International_LowRisk,4,1,1,2881,6165.76,0.8,8.19,0.7,4,0.89,1
TXN_10188,ACC_951,178.28,2,Grocery,International_LowRisk,14,0,0,913,6793.43,0.44,10.34,0.51,0,0.07,0
TXN_10189,ACC_661,522.42,17,Gambling,International_LowRisk,13,0,1,1263,3780.29,0.84,11.93,0.85,2,0.71,1
TXN_10190,ACC_344,108.18,8,Utilities,International_LowRisk,14,0,1,97,7992.51,0.42,10.77,0.15,0,0.31,0
TXN_10191,ACC_688,410.59,6,Grocery,Domestic,13,0,1,1736,5607.13,0.48,7.76,0.42,0,0.14,0
TXN_10192,ACC_784,162.79,1,Grocery,Online_Unverified,2,1,0,1955,6888.18,0.27,11.76,0.39,0,0.04,0
TXN_10193,ACC_496,20.62,2,Travel,Domestic,0,1,0,3032,5382.16,0.49,13.48,0.59,0,0.35,0
TXN_10194,ACC_206,17.99,6,Luxury_Goods,International_LowRisk,10,0,1,3362,7254.42,0.32,13.63,0.26,0,0.02,0
TXN_10195,ACC_950,152.97,3,Luxury_Goods,Domestic,22,0,0,288,3603.97,0.5,6.05,0.24,0,0.18,0
TXN_10196,ACC_568,205.06,6,Grocery,Domestic,6,0,0,2141,2102.39,0.18,12.51,0.21,1,0.28,0
TXN_10197,ACC_934,142.54,6,Utilities,Domestic,20,0,1,225,7800.4,0.2,9.25,0.58,1,0.12,0
TXN_10198,ACC_439,137.11,8,Grocery,International_LowRisk,13,0,0,1613,6301.65,0.49,9.12,0.24,1,0.17,0
TXN_10199,ACC_291,284.43,2,Utilities,Domestic,16,0,1,353,3996.92,0.16,14.8,0.21,0,0.1,0
TXN_10200,ACC_942,91.91,5,Grocery,Domestic,3,1,1,2498,9387.53,0.45,13.71,0.19,0,0.39,0
TXN_10201,ACC_270,191.84,6,Electronics,Domestic,1,1,0,1811,6893.04,0.37,13.96,0.48,0,0.34,0
TXN_10202,ACC_910,2799.0,24,Gambling,Domestic,20,0,0,2812,7918.01,0.72,9.38,0.69,6,0.65,1
TXN_10203,ACC_263,41.86,8,Travel,Domestic,19,0,0,305,8181.29,0.35,7.88,0.13,0,0.2,0
TXN_10204,ACC_760,87.88,3,Utilities,Domestic,18,0,1,1549,5194.75,0.29,10.0,0.14,0,0.01,0
TXN_10205,ACC_881,124.96,5,Grocery,Domestic,11,0,0,494,4566.05,0.45,7.03,0.45,0,0.12,0
TXN_10206,ACC_290,533.06,5,Utilities,Domestic,17,0,1,908,6404.58,0.37,12.78,0.35,0,0.07,0
TXN_10207,ACC_392,113.42,2,Electronics,Online_Unverified,6,0,1,2951,6005.65,0.33,4.42,0.26,0,0.01,0
TXN_10208,ACC_189,786.43,30,Crypto_Exchange,Online_Unverified,10,0,0,2282,5136.03,0.68,12.62,0.69,1,0.75,1
TXN_10209,ACC_655,208.49,3,Grocery,Domestic,5,1,0,2113,9298.71,0.19,4.39,0.18,0,0.09,0
TXN_10210,ACC_305,345.26,6,Luxury_Goods,Domestic,15,0,1,2289,8349.27,0.4,14.89,0.37,0,0.03,0
TXN_10211,ACC_188,165.25,7,Grocery,Domestic,22,0,0,3402,9134.79,0.44,9.65,0.27,0,0.32,0
TXN_10212,ACC_228,138.8,6,Travel,International_LowRisk,14,0,0,3425,6895.2,0.18,4.75,0.47,0,0.22,0
TXN_10213,ACC_755,49.06,1,Electronics,International_LowRisk,4,1,0,2152,7545.67,0.23,12.23,0.54,0,0.07,0
TXN_10214,ACC_268,97.75,5,Grocery,Online_Unverified,7,0,0,1056,5352.6,0.23,16.45,0.46,0,0.23,0
TXN_10215,ACC_664,456.68,3,Grocery,International_LowRisk,19,0,0,2408,5985.25,0.39,14.85,0.2,0,0.26,0
TXN_10216,ACC_774,170.87,1,Electronics,Online_Unverified,10,0,0,146,3162.83,0.27,8.64,0.31,0,0.3,0
TXN_10217,ACC_756,542.29,7,Luxury_Goods,Domestic,6,0,0,154,9867.86,0.35,10.08,0.53,0,0.03,0
TXN_10218,ACC_742,263.03,7,Utilities,International_LowRisk,9,0,0,328,5582.23,0.25,11.4,0.31,0,0.36,0
TXN_10219,ACC_261,307.15,3,Utilities,Domestic,6,0,0,2972,5248.87,0.37,12.95,0.41,0,0.09,0
TXN_10220,ACC_981,302.67,2,Grocery,Domestic,11,0,0,1940,7291.61,0.49,6.26,0.22,0,0.08,0
TXN_10221,ACC_560,246.21,7,Grocery,Domestic,9,0,0,3574,8043.4,0.45,8.49,0.22,0,0.2,0
TXN_10222,ACC_933,122.86,3,Grocery,Domestic,10,0,1,2138,1500.0,0.49,7.23,0.3,0,0.07,0
TXN_10223,ACC_415,143.31,4,Utilities,Domestic,12,0,0,1475,6406.16,0.2,6.95,0.49,0,0.14,0
TXN_10224,ACC_388,767.18,17,Utilities,International_HighRisk,20,0,0,63,7454.08,0.58,14.36,0.82,5,0.67,1
TXN_10225,ACC_967,82.64,7,Grocery,Domestic,8,0,0,1670,5802.7,0.4,4.46,0.41,0,0.11,0
TXN_10226,ACC_675,175.0,8,Grocery,Domestic,2,1,0,1175,5801.48,0.45,14.07,0.34,0,0.27,0
TXN_10227,ACC_738,120.64,6,Electronics,Domestic,3,1,0,1527,6356.8,0.19,10.64,0.2,0,0.35,0
TXN_10228,ACC_303,346.01,3,Electronics,Domestic,1,1,1,3323,6425.56,0.31,15.67,0.16,0,0.03,0
TXN_10229,ACC_567,1830.09,27,Grocery,International_HighRisk,4,1,0,695,8332.66,0.51,9.68,0.66,3,0.8,1
TXN_10230,ACC_502,101.98,8,Travel,International_LowRisk,9,0,0,1257,7192.98,0.2,4.37,0.43,0,0.2,0
TXN_10231,ACC_117,59.17,1,Utilities,International_LowRisk,13,0,0,1117,5252.46,0.39,14.85,0.2,0,0.28,0
TXN_10232,ACC_901,38.4,8,Travel,Domestic,7,0,0,2606,10328.06,0.48,12.54,0.52,0,0.28,0
TXN_10233,ACC_893,2906.29,26,Crypto_Exchange,Domestic,21,0,1,480,8711.05,0.68,6.7,0.94,6,0.84,1
TXN_10234,ACC_295,144.06,4,Grocery,Domestic,4,1,0,3204,8874.06,0.19,12.22,0.43,0,0.16,0
TXN_10235,ACC_582,26546.03,24,Wire_Transfer,International_LowRisk,1,1,0,2327,7142.71,0.61,11.09,0.97,2,0.62,1
TXN_10236,ACC_432,175.94,3,Travel,Domestic,12,0,0,2213,7343.84,0.26,12.34,0.3,0,0.35,0
TXN_10237,ACC_462,6273.1,30,Electronics,International_HighRisk,21,0,0,2528,6199.89,0.62,10.81,0.91,3,0.9,1
TXN_10238,ACC_595,15.69,5,Grocery,Domestic,17,0,0,2917,6751.15,0.29,12.69,0.28,0,0.14,0
TXN_10239,ACC_821,74.03,5,Utilities,Domestic,17,0,0,2378,9784.03,0.28,11.74,0.22,0,0.18,0
TXN_10240,ACC_488,2679.37,33,Wire_Transfer,Domestic,11,0,0,1219,8519.63,0.66,9.99,0.93,2,0.75,1
TXN_10241,ACC_143,18.12,5,Grocery,International_LowRisk,11,0,0,906,8545.14,0.29,11.6,0.29,0,0.14,0
TXN_10242,ACC_651,188.72,4,Grocery,Domestic,8,0,1,2773,11379.5,0.48,4.23,0.46,0,0.33,0
TXN_10243,ACC_331,41.15,8,Electronics,Domestic,13,0,0,3187,6708.4,0.46,4.75,0.42,0,0.01,0
TXN_10244,ACC_663,341.97,8,Travel,Domestic,20,0,0,846,6374.81,0.32,7.21,0.15,0,0.15,0
TXN_10245,ACC_394,55.24,4,Grocery,International_LowRisk,2,1,0,2991,8336.63,0.34,12.95,0.5,0,0.13,0
TXN_10246,ACC_138,1614.09,9,Gambling,Domestic,5,1,0,3257,3359.0,0.52,12.51,0.69,4,0.76,1
TXN_10247,ACC_607,39.02,1,Grocery,International_LowRisk,9,0,0,2498,3314.01,0.19,16.04,0.45,0,0.21,0
TXN_10248,ACC_443,94.29,3,Grocery,Online_Unverified,17,0,0,1947,7380.95,0.17,11.91,0.38,1,0.32,0
TXN_10249,ACC_928,377.9,3,Grocery,Domestic,14,0,0,1410,5096.02,0.46,11.64,0.51,0,0.24,0
TXN_10250,ACC_681,78.53,7,Electronics,Domestic,19,0,0,2140,5174.2,0.27,6.96,0.55,0,0.34,0
TXN_10251,ACC_510,196.98,4,Electronics,Domestic,4,1,0,1601,5153.02,0.3,11.8,0.51,0,0.12,0
TXN_10252,ACC_871,87.13,1,Grocery,Domestic,18,0,0,1502,7057.99,0.41,14.78,0.18,0,0.24,0
TXN_10253,ACC_163,44.31,5,Electronics,Domestic,5,1,0,2646,8427.76,0.37,6.9,0.11,0,0.05,0
TXN_10254,ACC_402,74.49,8,Utilities,Domestic,4,1,0,2511,10921.05,0.5,5.71,0.35,0,0.24,0
TXN_10255,ACC_818,157.55,4,Utilities,Domestic,17,0,0,2816,7637.97,0.4,7.43,0.31,0,0.17,0
TXN_10256,ACC_994,24.93,2,Luxury_Goods,Domestic,16,0,0,489,9756.79,0.22,8.04,0.55,1,0.04,0
TXN_10257,ACC_660,1399.61,18,Gambling,Domestic,17,0,1,1839,6967.57,0.66,15.0,0.67,5,0.74,1
TXN_10258,ACC_219,141.28,8,Electronics,International_LowRisk,15,0,1,1887,3388.21,0.27,12.37,0.26,0,0.22,0
TXN_10259,ACC_525,631.74,5,Utilities,Domestic,14,0,0,1651,5089.98,0.41,11.03,0.38,0,0.27,0
TXN_10260,ACC_103,394.34,2,Luxury_Goods,Domestic,1,1,0,276,6388.46,0.22,10.7,0.45,0,0.08,0
TXN_10261,ACC_170,27.2,3,Travel,Domestic,9,0,0,3017,8682.62,0.27,15.59,0.48,0,0.19,0
TXN_10262,ACC_530,1435.94,20,Utilities,International_HighRisk,14,0,0,358,7718.28,0.85,15.59,0.7,4,0.76,1
TXN_10263,ACC_799,3217.52,19,Travel,International_HighRisk,4,1,0,761,6884.1,0.7,5.6,0.82,1,0.93,1
TXN_10264,ACC_650,224.89,1,Utilities,Domestic,7,0,0,1926,5881.77,0.16,7.79,0.45,2,0.31,0
TXN_10265,ACC_657,51.64,6,Utilities,Domestic,7,0,1,802,2827.59,0.48,8.96,0.14,0,0.15,0
TXN_10266,ACC_842,86.13,1,Luxury_Goods,Domestic,21,0,0,305,7515.98,0.47,10.21,0.36,0,0.24,0
TXN_10267,ACC_134,596.79,1,Utilities,International_LowRisk,1,1,1,989,6663.66,0.48,8.76,0.2,0,0.34,0
TXN_10268,ACC_872,7862.33,15,Wire_Transfer,Domestic,16,0,0,2389,6302.22,0.77,7.81,0.92,6,0.94,1
TXN_10269,ACC_426,25.13,3,Electronics,International_LowRisk,10,0,1,2165,6556.36,0.39,12.01,0.19,2,0.17,0
TXN_10270,ACC_407,222.44,3,Grocery,Domestic,18,0,0,1779,6481.76,0.47,10.09,0.53,0,0.06,0
TXN_10271,ACC_148,126.85,6,Travel,Online_Unverified,21,0,0,1702,4369.77,0.33,8.59,0.19,0,0.31,0
TXN_10272,ACC_485,23.47,5,Grocery,Domestic,7,0,0,621,5889.55,0.49,10.87,0.17,1,0.02,0
TXN_10273,ACC_159,420.14,7,Electronics,Online_Unverified,17,0,0,862,4621.33,0.33,12.01,0.26,0,0.18,0
TXN_10274,ACC_180,1351.88,34,Gambling,International_HighRisk,2,1,0,241,6211.82,0.51,4.77,0.86,2,0.84,1
TXN_10275,ACC_374,197.11,4,Utilities,International_LowRisk,1,1,0,2436,6797.33,0.5,16.3,0.13,0,0.19,0
TXN_10276,ACC_672,47.8,1,Grocery,Domestic,10,0,0,808,5825.83,0.26,5.26,0.16,0,0.07,0
TXN_10277,ACC_220,156.38,4,Luxury_Goods,International_LowRisk,7,0,0,1010,7373.88,0.5,7.83,0.35,0,0.03,0
TXN_10278,ACC_894,132.35,5,Grocery,Domestic,20,0,0,3645,8881.29,0.2,15.08,0.31,0,0.22,0
TXN_10279,ACC_200,2591.06,19,Crypto_Exchange,International_LowRisk,10,0,0,1725,7582.93,0.62,13.62,0.77,3,0.68,1
TXN_10280,ACC_146,16.33,7,Electronics,Domestic,4,1,1,833,8018.31,0.16,7.25,0.34,0,0.17,0
TXN_10281,ACC_488,186.4,6,Electronics,Domestic,17,0,0,3395,6469.38,0.23,5.37,0.37,0,0.06,0
TXN_10282,ACC_840,110.28,6,Electronics,Domestic,5,1,0,2980,7658.58,0.18,10.1,0.52,0,0.19,0
TXN_10283,ACC_288,1069.02,24,Gambling,Domestic,20,0,0,3466,3756.2,0.64,9.74,0.89,1,0.73,1
TXN_10284,ACC_967,5880.18,21,Grocery,International_HighRisk,1,1,0,3481,3272.88,0.76,7.94,0.97,2,0.95,1
TXN_10285,ACC_745,154.82,8,Grocery,International_LowRisk,0,1,1,2560,10814.62,0.44,12.24,0.23,0,0.18,0
TXN_10286,ACC_731,8392.21,25,Gambling,International_LowRisk,0,1,1,78,5288.57,0.48,10.48,0.85,4,0.85,1
TXN_10287,ACC_117,34.53,7,Utilities,Domestic,9,0,1,764,5769.36,0.39,4.89,0.36,0,0.3,0
TXN_10288,ACC_198,16.46,6,Utilities,Domestic,19,0,0,1655,6869.36,0.27,7.71,0.47,0,0.38,0
TXN_10289,ACC_515,66.64,2,Utilities,Domestic,22,0,1,3545,8871.41,0.21,7.31,0.43,0,0.31,0
TXN_10290,ACC_132,17.54,1,Grocery,Domestic,17,0,0,368,7937.91,0.25,13.62,0.58,0,0.04,0
TXN_10291,ACC_544,132.59,1,Electronics,Domestic,3,1,0,3585,9156.39,0.19,12.05,0.2,0,0.16,0
TXN_10292,ACC_680,105.68,5,Utilities,Domestic,2,1,0,2338,7612.46,0.43,7.66,0.58,1,0.03,0
TXN_10293,ACC_283,14186.89,32,Gambling,Domestic,6,0,0,3392,7576.59,0.75,5.6,0.84,6,0.83,1
TXN_10294,ACC_507,1945.13,34,Gambling,Domestic,18,0,1,2803,8645.01,0.6,9.4,0.72,4,0.96,1
TXN_10295,ACC_653,84.45,2,Grocery,International_LowRisk,4,1,0,1446,6057.49,0.23,15.09,0.57,0,0.25,0
TXN_10296,ACC_547,139.55,7,Grocery,Domestic,19,0,0,1366,5946.37,0.45,14.58,0.51,2,0.12,0
TXN_10297,ACC_379,316.49,7,Luxury_Goods,Domestic,7,0,0,2814,7481.95,0.31,13.71,0.48,0,0.11,0
TXN_10298,ACC_489,143.11,2,Grocery,International_LowRisk,7,0,0,1586,7969.76,0.49,15.72,0.37,0,0.08,0
TXN_10299,ACC_749,20.3,1,Grocery,Domestic,11,0,1,1851,5442.77,0.4,10.32,0.17,1,0.07,0
TXN_10300,ACC_376,235.44,7,Grocery,Domestic,13,0,0,397,7672.73,0.36,10.35,0.37,0,0.3,0
TXN_10301,ACC_195,57.38,7,Electronics,International_LowRisk,12,0,1,376,9079.51,0.46,6.0,0.44,0,0.23,0
TXN_10302,ACC_672,2666.76,29,Gambling,Online_Unverified,18,0,0,724,7846.36,0.74,16.4,0.73,4,0.6,1
TXN_10303,ACC_242,27.53,7,Grocery,Domestic,4,1,1,1257,9839.81,0.22,11.7,0.5,0,0.17,0
TXN_10304,ACC_178,39.99,4,Utilities,Online_Unverified,23,1,0,584,7289.34,0.34,4.07,0.49,0,0.15,0
TXN_10305,ACC_505,186.75,7,Grocery,International_LowRisk,10,0,0,3550,6258.1,0.22,8.09,0.47,0,0.02,0
TXN_10306,ACC_708,34.35,6,Grocery,Domestic,22,0,1,1661,7339.06,0.5,8.6,0.54,0,0.13,0
TXN_10307,ACC_398,86.44,6,Luxury_Goods,International_LowRisk,18,0,0,3374,3663.27,0.36,12.7,0.54,0,0.29,0
TXN_10308,ACC_473,15.39,3,Grocery,Domestic,18,0,0,2283,2978.38,0.43,5.16,0.28,0,0.25,0
TXN_10309,ACC_844,121.47,2,Utilities,International_LowRisk,14,0,0,3289,9584.22,0.17,11.01,0.42,0,0.2,0
TXN_10310,ACC_789,126.01,3,Utilities,International_LowRisk,7,0,1,3262,10512.19,0.24,14.31,0.5,0,0.27,0
TXN_10311,ACC_559,97.76,7,Travel,Domestic,12,0,0,3268,7892.77,0.27,13.86,0.13,0,0.04,0
TXN_10312,ACC_818,3049.04,11,Wire_Transfer,Domestic,20,0,0,2723,8410.61,0.58,9.43,0.7,2,0.77,1
TXN_10313,ACC_780,26.13,7,Utilities,International_LowRisk,1,1,0,1388,4451.63,0.41,11.95,0.4,2,0.1,0
TXN_10314,ACC_540,199.82,4,Grocery,Domestic,7,0,0,1632,10208.19,0.44,8.8,0.3,0,0.06,0
TXN_10315,ACC_795,116.8,8,Electronics,Domestic,11,0,0,1733,6781.77,0.28,7.73,0.19,0,0.24,0
TXN_10316,ACC_187,353.98,6,Grocery,Online_Unverified,4,1,0,877,2963.12,0.46,14.52,0.31,0,0.11,0
TXN_10317,ACC_456,39.71,2,Utilities,Domestic,22,0,0,3348,6444.97,0.32,9.46,0.33,0,0.32,0
TXN_10318,ACC_123,5076.3,31,Crypto_Exchange,International_LowRisk,21,0,0,2143,10044.5,0.69,5.69,0.7,2,0.9,1
TXN_10319,ACC_278,182.02,4,Electronics,Domestic,13,0,0,2609,6299.69,0.17,7.27,0.58,0,0.27,0
TXN_10320,ACC_755,49.04,4,Electronics,Domestic,23,1,0,1789,6092.65,0.25,13.49,0.22,0,0.36,0
TXN_10321,ACC_821,86.68,2,Grocery,Domestic,22,0,0,3304,1651.52,0.32,8.34,0.13,0,0.31,0
TXN_10322,ACC_291,291.11,8,Utilities,Domestic,3,1,1,2647,8268.09,0.49,11.0,0.43,0,0.02,0
TXN_10323,ACC_497,346.42,8,Electronics,Domestic,11,0,0,3363,8088.53,0.24,6.48,0.31,0,0.03,0
TXN_10324,ACC_919,114.98,6,Grocery,International_LowRisk,2,1,0,1280,3991.42,0.36,8.37,0.59,0,0.19,0
TXN_10325,ACC_482,29.54,7,Electronics,Domestic,13,0,0,2023,6901.14,0.24,10.54,0.21,0,0.07,0
TXN_10326,ACC_810,926.67,23,Gambling,Online_Unverified,5,1,0,604,8797.27,0.48,12.85,0.89,3,0.94,1
TXN_10327,ACC_291,109.11,1,Grocery,Domestic,1,1,0,829,7373.12,0.32,9.78,0.33,0,0.04,0
TXN_10328,ACC_675,78.68,8,Utilities,Domestic,21,0,0,368,8307.87,0.17,10.41,0.37,0,0.26,0
TXN_10329,ACC_914,212.04,5,Luxury_Goods,Domestic,8,0,1,1903,5208.07,0.43,6.06,0.13,0,0.19,0
TXN_10330,ACC_891,63.1,5,Luxury_Goods,Domestic,3,1,0,3402,4901.62,0.22,14.97,0.36,0,0.31,0
TXN_10331,ACC_655,7908.75,14,Crypto_Exchange,Domestic,23,1,0,449,8266.22,0.63,10.73,0.73,4,0.94,1
TXN_10332,ACC_853,2910.74,9,Crypto_Exchange,International_LowRisk,9,0,0,1106,6344.33,0.78,8.76,0.87,4,0.64,1
TXN_10333,ACC_456,5730.32,15,Wire_Transfer,Domestic,3,1,0,3350,8338.46,0.66,11.22,0.72,2,0.98,1
TXN_10334,ACC_855,135.81,7,Electronics,Domestic,22,0,0,600,5163.71,0.47,10.66,0.3,0,0.32,0
TXN_10335,ACC_933,35.63,3,Grocery,Domestic,11,0,0,2913,5830.45,0.26,6.3,0.5,0,0.28,0
TXN_10336,ACC_686,8354.77,12,Grocery,International_HighRisk,21,0,0,272,5692.7,0.63,11.69,0.7,4,0.86,1
TXN_10337,ACC_383,805.04,30,Wire_Transfer,Domestic,4,1,1,3423,6340.72,0.65,16.3,0.92,3,0.94,1
TXN_10338,ACC_353,147.29,5,Luxury_Goods,International_LowRisk,15,0,1,1566,7404.74,0.46,9.34,0.18,0,0.26,0
TXN_10339,ACC_748,36.24,5,Luxury_Goods,International_LowRisk,12,0,0,3623,7659.27,0.33,4.99,0.38,0,0.01,0
TXN_10340,ACC_599,172.79,8,Grocery,Domestic,23,1,1,2886,7151.59,0.44,10.76,0.53,0,0.08,0
TXN_10341,ACC_164,163.65,8,Luxury_Goods,Domestic,13,0,0,3422,2256.29,0.44,10.18,0.34,0,0.13,0
TXN_10342,ACC_660,226.41,1,Electronics,Domestic,15,0,0,2594,5284.36,0.4,14.32,0.19,0,0.14,0
TXN_10343,ACC_570,27.73,1,Grocery,Online_Unverified,5,1,0,1782,9730.75,0.27,12.14,0.17,2,0.1,0
TXN_10344,ACC_805,3895.11,16,Gambling,International_HighRisk,9,0,1,2711,5855.36,0.64,16.24,0.93,1,0.74,1
TXN_10345,ACC_469,135.66,7,Grocery,Domestic,20,0,1,3003,5570.77,0.26,6.19,0.44,0,0.06,0
TXN_10346,ACC_339,247.33,8,Utilities,Domestic,3,1,1,2461,6902.32,0.25,12.04,0.52,0,0.1,0
TXN_10347,ACC_796,157.16,7,Utilities,Domestic,10,0,0,1986,7527.82,0.22,14.89,0.25,0,0.21,0
TXN_10348,ACC_492,5584.49,17,Grocery,International_HighRisk,3,1,0,1597,6859.16,0.55,15.34,0.87,2,0.91,1
TXN_10349,ACC_892,4388.09,12,Crypto_Exchange,International_HighRisk,20,0,0,2202,8714.16,0.63,10.83,0.69,1,0.82,1
TXN_10350,ACC_676,72.44,4,Grocery,International_LowRisk,14,0,0,650,6259.24,0.3,4.53,0.16,0,0.39,0
TXN_10351,ACC_730,5213.47,12,Electronics,International_HighRisk,2,1,0,2444,7526.21,0.79,13.42,0.74,1,0.96,1
TXN_10352,ACC_847,211.11,4,Utilities,Online_Unverified,10,0,0,375,5980.91,0.4,7.81,0.58,0,0.02,0
TXN_10353,ACC_715,227.21,5,Electronics,International_LowRisk,22,0,1,2515,7234.57,0.19,5.21,0.54,0,0.12,0
TXN_10354,ACC_865,48.23,2,Utilities,International_LowRisk,7,0,0,2643,10176.37,0.26,11.48,0.33,0,0.01,0
TXN_10355,ACC_640,1734.58,12,Wire_Transfer,Domestic,11,0,0,3555,8400.62,0.47,15.15,0.9,4,0.72,1
TXN_10356,ACC_959,39.6,8,Electronics,Domestic,21,0,1,3185,9921.23,0.43,4.43,0.22,2,0.04,0
TXN_10357,ACC_701,119.9,7,Grocery,Domestic,1,1,0,2604,4645.29,0.33,5.17,0.53,0,0.4,0
TXN_10358,ACC_885,303.46,3,Utilities,International_LowRisk,2,1,0,1299,6976.74,0.46,11.15,0.51,0,0.27,0
TXN_10359,ACC_308,102.44,2,Travel,Domestic,10,0,0,1821,7522.41,0.3,15.16,0.26,0,0.18,0
TXN_10360,ACC_966,85.3,1,Grocery,Domestic,13,0,1,3067,9247.32,0.36,12.78,0.42,0,0.25,0
TXN_10361,ACC_279,47.53,8,Grocery,International_LowRisk,22,0,1,2172,10841.89,0.28,15.88,0.15,2,0.21,0
TXN_10362,ACC_942,125.15,5,Luxury_Goods,Domestic,4,1,0,513,6148.23,0.37,4.89,0.35,0,0.3,0
TXN_10363,ACC_130,50.23,2,Grocery,Domestic,16,0,1,2122,5641.4,0.17,16.14,0.34,0,0.15,0
TXN_10364,ACC_611,1908.72,11,Wire_Transfer,Domestic,5,1,1,2791,5115.16,0.69,7.51,0.71,5,0.79,1
TXN_10365,ACC_840,42.83,1,Grocery,International_LowRisk,0,1,1,1962,5881.58,0.15,14.03,0.1,0,0.21,0
TXN_10366,ACC_253,116.85,7,Grocery,Online_Unverified,1,1,0,1046,4995.69,0.48,8.96,0.25,0,0.21,0
TXN_10367,ACC_837,818.92,24,Grocery,International_HighRisk,18,0,0,245,8652.01,0.59,10.17,0.69,6,0.84,1
TXN_10368,ACC_283,160.38,2,Grocery,Domestic,1,1,0,3577,6542.62,0.25,8.93,0.17,1,0.4,0
TXN_10369,ACC_965,80.75,4,Grocery,Domestic,14,0,1,3243,3337.62,0.4,14.3,0.55,0,0.17,0
TXN_10370,ACC_737,387.29,4,Grocery,Domestic,15,0,0,2268,8290.08,0.37,4.64,0.1,0,0.33,0
TXN_10371,ACC_351,50.75,6,Grocery,Online_Unverified,0,1,1,2870,5962.94,0.39,9.7,0.4,0,0.03,0
TXN_10372,ACC_443,70.26,2,Grocery,International_LowRisk,23,1,0,1005,4717.62,0.41,4.89,0.31,0,0.06,0
TXN_10373,ACC_161,25.03,4,Travel,Domestic,8,0,1,2158,4319.2,0.38,11.42,0.57,1,0.15,0
TXN_10374,ACC_481,16.22,3,Utilities,International_LowRisk,18,0,1,1645,9321.86,0.36,14.92,0.56,0,0.26,0
TXN_10375,ACC_681,169.47,5,Grocery,International_LowRisk,4,1,1,3310,4212.55,0.17,4.15,0.55,1,0.06,0
TXN_10376,ACC_951,80.79,4,Luxury_Goods,Domestic,8,0,1,3184,6717.12,0.35,4.55,0.34,0,0.13,0
TXN_10377,ACC_259,30.75,6,Grocery,Domestic,10,0,0,880,8438.91,0.41,12.66,0.27,2,0.23,0
TXN_10378,ACC_574,82.44,5,Grocery,Domestic,5,1,0,2884,7354.39,0.26,13.86,0.24,0,0.27,0
TXN_10379,ACC_320,2569.72,19,Crypto_Exchange,Domestic,2,1,0,2133,6231.38,0.79,7.99,0.92,4,0.91,1
TXN_10380,ACC_150,119.73,7,Electronics,Domestic,5,1,1,2307,8121.62,0.4,12.61,0.4,1,0.15,0
TXN_10381,ACC_355,71.31,1,Grocery,Domestic,4,1,1,940,5883.93,0.2,5.93,0.32,0,0.08,0
TXN_10382,ACC_943,18.09,5,Utilities,International_LowRisk,20,0,1,337,8059.32,0.27,4.9,0.42,1,0.26,0
TXN_10383,ACC_166,78.24,6,Grocery,International_LowRisk,4,1,1,1918,4031.3,0.36,16.35,0.44,0,0.13,0
TXN_10384,ACC_687,87.62,7,Utilities,International_LowRisk,15,0,1,909,5315.07,0.32,4.34,0.17,0,0.28,0
TXN_10385,ACC_381,2964.41,27,Grocery,International_HighRisk,1,1,0,2681,6323.27,0.47,6.0,0.78,2,0.98,1
TXN_10386,ACC_402,582.7,16,Utilities,International_HighRisk,15,0,1,592,5759.98,0.57,15.25,0.8,4,0.89,1
TXN_10387,ACC_529,932.09,33,Grocery,International_HighRisk,16,0,1,3285,8846.25,0.81,16.3,0.75,5,0.97,1
TXN_10388,ACC_119,55.83,8,Travel,International_LowRisk,11,0,0,2346,7239.28,0.28,8.25,0.29,0,0.38,0
TXN_10389,ACC_497,108.55,5,Grocery,Domestic,19,0,1,1962,7776.1,0.34,9.51,0.38,0,0.07,0
TXN_10390,ACC_885,58.2,4,Electronics,Domestic,5,1,1,3373,7501.69,0.17,8.28,0.2,0,0.11,0
TXN_10391,ACC_854,52.81,7,Grocery,Online_Unverified,7,0,0,3467,4354.51,0.27,9.55,0.38,0,0.39,0
TXN_10392,ACC_277,133.1,1,Grocery,Domestic,23,1,0,1470,6978.49,0.5,15.0,0.3,0,0.2,0
TXN_10393,ACC_677,132.19,3,Grocery,Online_Unverified,15,0,0,399,5569.38,0.22,9.94,0.41,0,0.23,0
TXN_10394,ACC_716,108.98,4,Grocery,Domestic,0,1,0,1425,6288.1,0.47,13.03,0.58,0,0.1,0
TXN_10395,ACC_921,3167.89,30,Crypto_Exchange,Domestic,0,1,1,3201,7038.25,0.77,7.45,0.69,2,0.94,1
TXN_10396,ACC_213,7837.08,29,Crypto_Exchange,International_HighRisk,2,1,0,2430,5813.62,0.64,16.26,0.7,4,0.97,1
TXN_10397,ACC_203,94.26,7,Grocery,Domestic,5,1,0,2025,4688.54,0.28,13.52,0.39,0,0.35,0
TXN_10398,ACC_278,73.64,4,Luxury_Goods,Domestic,19,0,0,3366,5192.47,0.35,14.82,0.35,0,0.21,0
TXN_10399,ACC_414,488.96,7,Luxury_Goods,Domestic,5,1,0,3187,7611.21,0.42,6.51,0.51,1,0.17,0
TXN_10400,ACC_133,28.88,2,Grocery,Domestic,19,0,1,606,6679.16,0.45,15.16,0.32,1,0.34,0
TXN_10401,ACC_179,22.74,2,Grocery,Online_Unverified,5,1,0,2774,7811.8,0.33,4.24,0.32,0,0.35,0
TXN_10402,ACC_443,92.74,6,Utilities,Domestic,7,0,0,472,6889.47,0.39,5.68,0.46,0,0.28,0
TXN_10403,ACC_149,57.7,8,Utilities,International_LowRisk,5,1,0,1468,8406.25,0.25,7.68,0.5,1,0.15,0
TXN_10404,ACC_203,550.47,29,Crypto_Exchange,International_LowRisk,18,0,0,696,7526.17,0.75,5.79,0.93,2,0.89,1
TXN_10405,ACC_562,5400.35,16,Grocery,International_HighRisk,9,0,1,333,7202.9,0.76,5.11,0.87,1,0.9,1
TXN_10406,ACC_450,95.24,2,Grocery,Domestic,23,1,1,2543,8640.3,0.29,4.83,0.3,0,0.04,0
TXN_10407,ACC_821,66.48,7,Grocery,Online_Unverified,5,1,0,444,2712.77,0.48,4.96,0.5,0,0.05,0
TXN_10408,ACC_294,98.33,5,Utilities,Domestic,23,1,0,422,6926.59,0.17,4.91,0.45,0,0.32,0
TXN_10409,ACC_685,76.88,7,Utilities,Domestic,1,1,0,3404,8158.95,0.25,8.02,0.22,0,0.13,0
TXN_10410,ACC_714,92.65,5,Utilities,Domestic,6,0,1,1969,6112.35,0.49,11.54,0.42,2,0.1,0
TXN_10411,ACC_415,68.15,7,Luxury_Goods,Domestic,21,0,1,1592,1500.0,0.46,11.32,0.16,0,0.26,0
TXN_10412,ACC_556,132.63,5,Grocery,Domestic,8,0,1,649,6867.7,0.23,12.92,0.44,0,0.04,0
TXN_10413,ACC_783,222.48,4,Grocery,International_LowRisk,17,0,0,3473,7284.83,0.33,7.39,0.38,0,0.32,0
TXN_10414,ACC_635,97.39,4,Utilities,Domestic,15,0,0,353,5482.07,0.37,4.68,0.17,0,0.12,0
TXN_10415,ACC_974,180.71,3,Luxury_Goods,Domestic,16,0,0,3131,5844.21,0.33,14.49,0.1,0,0.13,0
TXN_10416,ACC_271,513.4,10,Travel,International_HighRisk,4,1,1,1813,6810.38,0.58,5.27,0.89,6,0.7,1
TXN_10417,ACC_942,2063.28,31,Electronics,International_HighRisk,8,0,0,386,7025.12,0.58,9.42,0.93,1,0.71,1
TXN_10418,ACC_497,303.88,1,Electronics,Domestic,8,0,0,2582,6887.18,0.18,12.59,0.58,0,0.16,0
TXN_10419,ACC_900,96.7,2,Utilities,Domestic,4,1,0,2334,8430.79,0.4,16.08,0.42,1,0.16,0
TXN_10420,ACC_904,186.77,5,Grocery,Domestic,11,0,0,2018,8972.26,0.25,5.32,0.45,0,0.38,0
TXN_10421,ACC_584,197.69,7,Grocery,Domestic,4,1,0,3630,6501.06,0.28,9.41,0.12,0,0.26,0
TXN_10422,ACC_343,88.43,1,Grocery,Domestic,8,0,0,3280,7702.41,0.28,4.65,0.28,0,0.09,0
TXN_10423,ACC_387,5607.05,35,Crypto_Exchange,International_HighRisk,21,0,1,580,7744.41,0.79,9.9,0.92,2,0.76,1
TXN_10424,ACC_407,269.59,7,Travel,Domestic,10,0,1,395,4222.33,0.36,7.69,0.44,0,0.09,0
TXN_10425,ACC_316,1014.07,35,Gambling,Domestic,15,0,0,3392,4121.18,0.58,12.92,0.89,3,0.85,1
TXN_10426,ACC_157,41.66,7,Utilities,Domestic,9,0,0,3516,9785.35,0.28,4.73,0.24,0,0.36,0
TXN_10427,ACC_682,29.19,4,Grocery,Domestic,6,0,0,237,6042.8,0.44,10.16,0.23,0,0.21,0
TXN_10428,ACC_821,77.16,2,Grocery,Domestic,14,0,0,1020,4511.3,0.15,9.8,0.4,0,0.22,0
TXN_10429,ACC_708,412.25,6,Utilities,Online_Unverified,15,0,0,3461,7930.76,0.26,10.52,0.44,0,0.21,0
TXN_10430,ACC_866,13555.97,13,Crypto_Exchange,Domestic,0,1,0,3224,7936.37,0.76,14.09,0.66,5,0.65,1
TXN_10431,ACC_319,948.24,28,Wire_Transfer,International_LowRisk,21,0,1,2132,6703.71,0.57,8.35,0.66,4,0.7,1
TXN_10432,ACC_120,2126.8,12,Wire_Transfer,Online_Unverified,21,0,1,739,9598.04,0.71,16.18,0.75,6,0.6,1
TXN_10433,ACC_715,7072.0,17,Crypto_Exchange,Domestic,19,0,0,2935,6053.6,0.76,8.98,0.95,6,0.61,1
TXN_10434,ACC_758,1762.97,14,Grocery,International_HighRisk,11,0,0,1267,9479.73,0.55,10.05,0.73,4,0.63,1
TXN_10435,ACC_793,180.13,6,Utilities,International_LowRisk,18,0,1,2462,6541.77,0.49,16.03,0.13,0,0.19,0
TXN_10436,ACC_405,24.43,6,Electronics,Domestic,10,0,0,1099,6961.4,0.22,5.76,0.21,1,0.15,0
TXN_10437,ACC_767,131.87,7,Grocery,Domestic,7,0,0,2818,7496.44,0.2,8.85,0.39,0,0.31,0
TXN_10438,ACC_126,149.55,7,Electronics,Online_Unverified,8,0,0,174,8780.3,0.47,7.63,0.27,0,0.11,0
TXN_10439,ACC_685,2722.0,25,Crypto_Exchange,Domestic,22,0,1,3244,4829.71,0.47,5.68,0.88,6,0.95,1
TXN_10440,ACC_587,11589.81,13,Gambling,International_LowRisk,16,0,0,3620,10679.08,0.65,12.5,0.73,6,0.81,1
TXN_10441,ACC_671,24.52,3,Grocery,Domestic,4,1,0,1404,2076.28,0.31,4.55,0.5,1,0.12,0
TXN_10442,ACC_327,36.75,6,Utilities,International_LowRisk,9,0,0,2428,9566.87,0.17,14.55,0.2,0,0.18,0
TXN_10443,ACC_971,491.82,2,Grocery,Domestic,20,0,0,826,3303.75,0.23,9.46,0.53,0,0.32,0
TXN_10444,ACC_988,123.04,3,Electronics,Domestic,13,0,1,850,7424.35,0.49,6.38,0.41,0,0.04,0
TXN_10445,ACC_683,6005.79,30,Wire_Transfer,Online_Unverified,4,1,0,3220,7351.77,0.83,13.47,0.96,2,0.95,1
TXN_10446,ACC_182,36.16,1,Utilities,International_LowRisk,5,1,0,1150,6538.3,0.24,12.01,0.46,0,0.2,0
TXN_10447,ACC_892,146.81,2,Grocery,International_LowRisk,15,0,0,1806,5873.88,0.42,4.11,0.38,0,0.07,0
TXN_10448,ACC_513,68.0,4,Utilities,Domestic,0,1,1,87,6498.58,0.37,6.78,0.21,0,0.37,0
TXN_10449,ACC_875,1858.42,31,Crypto_Exchange,Domestic,21,0,1,956,5626.56,0.49,10.01,0.89,2,0.93,1
TXN_10450,ACC_810,4300.98,26,Wire_Transfer,Domestic,3,1,0,714,6367.73,0.61,15.49,0.75,3,0.65,1
TXN_10451,ACC_166,17996.35,24,Crypto_Exchange,Domestic,9,0,0,2176,9339.21,0.6,15.48,0.9,5,0.62,1
TXN_10452,ACC_445,376.74,8,Utilities,International_LowRisk,4,1,0,801,5299.15,0.43,7.14,0.28,0,0.24,0
TXN_10453,ACC_931,114.63,4,Utilities,Domestic,23,1,0,2445,6528.55,0.23,6.76,0.43,0,0.15,0
TXN_10454,ACC_226,19.76,5,Utilities,International_LowRisk,1,1,0,2582,4592.12,0.45,7.53,0.19,0,0.02,0
TXN_10455,ACC_149,375.59,2,Electronics,International_LowRisk,0,1,1,1587,9734.43,0.35,7.53,0.32,0,0.24,0
TXN_10456,ACC_358,67.26,1,Utilities,Domestic,22,0,0,2740,6708.71,0.46,9.24,0.57,0,0.36,0
TXN_10457,ACC_632,196.89,2,Grocery,International_LowRisk,4,1,0,2560,3995.21,0.22,8.14,0.35,0,0.2,0
TXN_10458,ACC_216,246.75,5,Luxury_Goods,Domestic,19,0,1,856,7227.26,0.17,15.76,0.14,0,0.09,0
TXN_10459,ACC_519,99.85,8,Grocery,Domestic,15,0,0,41,8971.56,0.44,13.64,0.51,0,0.17,1
TXN_10460,ACC_191,4221.2,10,Gambling,International_HighRisk,21,0,0,337,4357.89,0.67,7.53,0.94,5,0.66,1
TXN_10461,ACC_840,81.45,5,Luxury_Goods,Online_Unverified,20,0,1,235,5148.58,0.42,16.16,0.16,0,0.02,0
TXN_10462,ACC_278,1397.21,18,Wire_Transfer,International_HighRisk,11,0,0,3055,6568.3,0.54,4.02,0.75,4,0.72,1
TXN_10463,ACC_218,171.83,3,Grocery,International_LowRisk,1,1,1,728,7832.63,0.38,9.28,0.21,0,0.39,0
TXN_10464,ACC_548,58.3,6,Travel,Domestic,23,1,1,1671,7425.18,0.44,6.27,0.46,0,0.14,0
TXN_10465,ACC_567,70.62,3,Grocery,Domestic,15,0,0,2881,5304.98,0.49,11.38,0.5,0,0.36,0
TXN_10466,ACC_964,144.82,8,Grocery,Domestic,18,0,0,1585,9344.74,0.4,6.09,0.37,0,0.04,0
TXN_10467,ACC_726,197.04,3,Grocery,International_LowRisk,23,1,0,2029,7800.9,0.16,7.71,0.58,0,0.24,0
TXN_10468,ACC_521,165.39,4,Utilities,Domestic,20,0,0,2773,3493.84,0.33,10.36,0.15,2,0.31,0
TXN_10469,ACC_631,70.31,4,Utilities,International_LowRisk,3,1,0,2748,5858.66,0.39,15.51,0.51,0,0.37,0
TXN_10470,ACC_494,4651.41,28,Grocery,International_HighRisk,19,0,1,2100,10090.42,0.56,14.09,0.93,2,0.88,1
TXN_10471,ACC_969,41.07,8,Utilities,Domestic,5,1,1,1385,7379.0,0.49,13.09,0.27,0,0.14,0
TXN_10472,ACC_151,114.08,4,Utilities,Domestic,12,0,0,1849,8057.87,0.28,6.04,0.35,0,0.38,0
TXN_10473,ACC_558,200.13,8,Grocery,Domestic,10,0,1,102,3464.25,0.16,12.81,0.29,0,0.3,0
TXN_10474,ACC_522,218.88,5,Grocery,Domestic,2,1,0,2333,5785.94,0.17,10.31,0.58,1,0.22,0
TXN_10475,ACC_787,167.1,8,Utilities,Domestic,1,1,0,3173,2193.31,0.43,5.65,0.19,0,0.35,0
TXN_10476,ACC_584,255.56,4,Luxury_Goods,Domestic,14,0,1,1484,8694.31,0.25,14.89,0.25,0,0.07,0
TXN_10477,ACC_919,149.03,3,Grocery,Domestic,22,0,1,3396,8923.89,0.37,15.33,0.23,0,0.32,0
TXN_10478,ACC_838,16.47,7,Utilities,Domestic,6,0,1,3407,7022.5,0.34,7.6,0.13,0,0.27,0
TXN_10479,ACC_833,58.97,2,Grocery,International_LowRisk,1,1,0,1875,5241.47,0.27,4.85,0.41,0,0.15,0
TXN_10480,ACC_703,198.76,1,Travel,Domestic,15,0,1,1802,9567.46,0.39,8.16,0.32,0,0.12,0
TXN_10481,ACC_594,703.87,13,Gambling,International_LowRisk,5,1,0,3369,8734.8,0.71,6.49,0.96,6,0.75,1
TXN_10482,ACC_496,80.02,7,Electronics,International_LowRisk,10,0,0,2524,9397.0,0.25,7.45,0.15,0,0.3,0
TXN_10483,ACC_880,82.88,8,Grocery,Domestic,10,0,0,595,6039.2,0.33,13.22,0.13,0,0.39,0
TXN_10484,ACC_816,4767.45,18,Wire_Transfer,Domestic,22,0,0,3048,4651.53,0.61,7.3,0.76,6,0.76,1
TXN_10485,ACC_666,42.58,6,Electronics,Domestic,19,0,0,573,6914.53,0.25,11.55,0.23,1,0.2,0
TXN_10486,ACC_765,24.61,6,Travel,Domestic,17,0,0,3146,6638.69,0.25,5.15,0.58,0,0.04,0
TXN_10487,ACC_591,124.67,5,Electronics,Online_Unverified,22,0,0,1760,8122.79,0.24,12.83,0.42,1,0.25,0
TXN_10488,ACC_635,128.0,4,Grocery,Domestic,1,1,0,3247,4203.47,0.36,14.83,0.24,0,0.13,0
TXN_10489,ACC_393,366.89,5,Electronics,Domestic,1,1,0,2246,7602.95,0.48,6.53,0.18,0,0.05,0
TXN_10490,ACC_933,121.29,4,Utilities,International_LowRisk,21,0,0,2328,7181.18,0.29,4.19,0.44,0,0.28,0
TXN_10491,ACC_623,119.94,1,Luxury_Goods,International_LowRisk,9,0,0,1617,8748.71,0.49,6.36,0.33,1,0.11,0
TXN_10492,ACC_907,148.94,5,Travel,Domestic,17,0,1,3588,5831.85,0.15,9.42,0.15,0,0.39,0
TXN_10493,ACC_991,26.66,6,Utilities,Domestic,20,0,0,2268,5626.47,0.3,13.04,0.56,0,0.3,0
TXN_10494,ACC_301,16.09,2,Luxury_Goods,Online_Unverified,9,0,0,741,3286.85,0.37,7.03,0.41,0,0.24,0
TXN_10495,ACC_222,165.23,3,Utilities,Domestic,17,0,1,1074,4932.47,0.46,7.39,0.2,0,0.05,1
TXN_10496,ACC_577,49.13,1,Luxury_Goods,Domestic,4,1,0,2591,5118.92,0.41,11.58,0.33,0,0.03,0
TXN_10497,ACC_777,149.09,6,Grocery,International_LowRisk,17,0,0,783,7499.37,0.44,15.66,0.58,0,0.04,0
TXN_10498,ACC_905,109.3,6,Utilities,Domestic,17,0,0,903,7444.0,0.41,13.22,0.41,0,0.09,0
TXN_10499,ACC_439,103.44,1,Utilities,Domestic,19,0,0,1447,8645.96,0.47,7.36,0.29,0,0.04,0
TXN_10500,ACC_757,70.15,6,Electronics,International_LowRisk,1,1,0,3291,11227.74,0.43,9.68,0.43,0,0.36,0
TXN_10501,ACC_495,134.39,6,Grocery,International_LowRisk,0,1,0,2113,10485.03,0.3,15.7,0.45,0,0.11,0
TXN_10502,ACC_144,22.94,2,Grocery,International_LowRisk,10,0,0,3197,4966.69,0.31,4.27,0.25,0,0.33,0
TXN_10503,ACC_107,57.98,7,Electronics,Domestic,20,0,0,872,5513.75,0.32,12.19,0.13,0,0.21,0
TXN_10504,ACC_819,1554.99,10,Wire_Transfer,International_LowRisk,13,0,0,2840,9387.26,0.48,6.32,0.7,6,0.66,1
TXN_10505,ACC_570,145.96,5,Luxury_Goods,Domestic,2,1,1,2385,5837.38,0.39,7.87,0.51,0,0.35,0
TXN_10506,ACC_364,49.51,1,Utilities,Domestic,12,0,0,514,5275.53,0.27,8.42,0.37,0,0.21,0
TXN_10507,ACC_756,226.62,2,Luxury_Goods,Domestic,23,1,0,2089,6249.09,0.47,8.43,0.25,0,0.32,0
TXN_10508,ACC_905,99.54,8,Electronics,International_LowRisk,9,0,0,3397,7155.76,0.19,8.91,0.54,0,0.38,0
TXN_10509,ACC_585,111.72,5,Grocery,Domestic,23,1,0,620,8343.6,0.45,14.73,0.2,2,0.21,0
TXN_10510,ACC_914,5329.09,25,Wire_Transfer,International_LowRisk,0,1,0,534,7465.38,0.51,12.42,0.85,2,0.77,1
TXN_10511,ACC_142,38.7,2,Grocery,Domestic,17,0,0,3095,8451.63,0.19,10.44,0.21,0,0.28,0
TXN_10512,ACC_843,36.12,3,Grocery,Domestic,20,0,0,934,8336.91,0.21,15.14,0.11,0,0.04,0
TXN_10513,ACC_358,48.18,8,Grocery,Domestic,18,0,0,329,11353.43,0.23,7.07,0.15,0,0.15,0
TXN_10514,ACC_168,22.14,6,Grocery,Domestic,18,0,0,2779,7365.92,0.23,16.0,0.22,0,0.16,0
TXN_10515,ACC_202,129.95,8,Grocery,Domestic,6,0,0,2730,10241.93,0.3,12.78,0.31,0,0.23,0
TXN_10516,ACC_698,37.6,3,Grocery,Domestic,10,0,0,1038,7279.23,0.45,11.89,0.31,0,0.21,0
TXN_10517,ACC_829,106.24,6,Luxury_Goods,Domestic,11,0,1,1925,4709.31,0.19,12.65,0.4,1,0.06,0
TXN_10518,ACC_893,42.72,2,Grocery,Domestic,5,1,0,3547,5683.8,0.22,10.35,0.55,0,0.16,0
TXN_10519,ACC_651,80.22,2,Grocery,International_LowRisk,20,0,1,3509,11741.59,0.17,11.86,0.5,1,0.02,0
TXN_10520,ACC_131,4583.73,9,Crypto_Exchange,Domestic,18,0,1,1097,4276.07,0.74,10.7,0.65,5,0.7,1
TXN_10521,ACC_656,6830.12,19,Wire_Transfer,Domestic,20,0,0,944,8692.94,0.64,9.64,0.93,4,0.92,1
TXN_10522,ACC_890,1209.3,24,Electronics,International_HighRisk,4,1,0,1655,5248.65,0.64,4.95,0.94,1,0.93,1
TXN_10523,ACC_472,73.89,3,Utilities,International_LowRisk,19,0,0,763,8196.86,0.22,16.1,0.55,0,0.32,0
TXN_10524,ACC_679,23.27,6,Electronics,Online_Unverified,23,1,0,3148,2006.22,0.28,14.05,0.14,0,0.26,0
TXN_10525,ACC_164,83.19,6,Grocery,Domestic,21,0,1,1892,5229.28,0.26,8.66,0.38,0,0.4,0
TXN_10526,ACC_140,23.54,5,Travel,Domestic,22,0,0,1108,4120.67,0.4,12.21,0.33,0,0.15,0
TXN_10527,ACC_683,163.04,2,Grocery,International_LowRisk,11,0,0,1571,6097.02,0.38,14.06,0.21,0,0.01,0
TXN_10528,ACC_328,192.84,8,Utilities,Domestic,11,0,0,57,6486.96,0.42,11.3,0.13,1,0.22,0
TXN_10529,ACC_242,197.77,4,Utilities,Domestic,16,0,0,674,7319.53,0.33,11.76,0.5,0,0.3,0
TXN_10530,ACC_834,5245.22,31,Crypto_Exchange,International_LowRisk,13,0,0,2002,4777.82,0.81,13.37,0.71,1,0.67,1
TXN_10531,ACC_791,301.61,7,Utilities,Domestic,5,1,0,206,6881.27,0.38,11.9,0.4,0,0.31,0
TXN_10532,ACC_706,35.42,3,Grocery,International_LowRisk,1,1,0,1087,8382.62,0.24,6.53,0.46,0,0.19,0
TXN_10533,ACC_629,60.2,5,Travel,Domestic,18,0,0,917,6531.24,0.3,6.35,0.21,1,0.1,0
TXN_10534,ACC_582,780.33,33,Wire_Transfer,Domestic,13,0,0,3390,8304.55,0.78,12.24,0.78,5,0.87,1
TXN_10535,ACC_885,205.9,6,Grocery,International_LowRisk,8,0,1,2473,6843.68,0.24,8.06,0.45,1,0.12,0
TXN_10536,ACC_335,52.69,7,Utilities,Domestic,0,1,1,2510,7606.5,0.23,11.44,0.45,0,0.08,0
TXN_10537,ACC_587,1575.86,11,Gambling,Domestic,17,0,0,2005,5106.46,0.76,5.1,0.92,1,0.86,1
TXN_10538,ACC_775,159.06,7,Grocery,International_LowRisk,0,1,0,1547,7664.05,0.16,7.24,0.32,0,0.15,0
TXN_10539,ACC_814,19.11,7,Utilities,Domestic,15,0,0,3325,6690.69,0.35,8.04,0.22,0,0.35,0
TXN_10540,ACC_879,8486.97,23,Crypto_Exchange,Domestic,13,0,1,3548,5973.1,0.81,16.45,0.76,2,0.95,1
TXN_10541,ACC_185,6608.72,8,Grocery,International_HighRisk,13,0,1,3075,8013.58,0.68,14.73,0.73,6,0.93,1
TXN_10542,ACC_908,740.3,4,Grocery,Domestic,16,0,1,1323,7724.94,0.29,5.63,0.12,0,0.1,0
TXN_10543,ACC_209,17.72,7,Grocery,International_LowRisk,8,0,1,2536,8663.53,0.35,6.9,0.49,0,0.15,0
TXN_10544,ACC_796,16.74,8,Utilities,Domestic,17,0,0,2320,3875.56,0.42,4.49,0.41,0,0.31,0
TXN_10545,ACC_359,232.77,3,Travel,Domestic,22,0,0,2730,6998.62,0.37,11.26,0.38,1,0.25,0
TXN_10546,ACC_335,576.06,7,Utilities,International_LowRisk,5,1,1,3310,8590.18,0.4,8.87,0.32,0,0.31,0
TXN_10547,ACC_813,46.19,1,Electronics,Domestic,12,0,0,3402,7235.3,0.48,6.65,0.56,0,0.24,0
TXN_10548,ACC_714,666.99,1,Utilities,Domestic,7,0,0,1671,2299.95,0.43,12.94,0.42,0,0.39,0
TXN_10549,ACC_633,122.92,3,Grocery,Online_Unverified,1,1,0,1828,4382.18,0.39,15.77,0.33,0,0.03,1
TXN_10550,ACC_970,1141.03,33,Electronics,International_HighRisk,9,0,1,2121,9463.33,0.73,12.11,0.88,5,0.8,1
TXN_10551,ACC_628,53.64,4,Electronics,International_LowRisk,21,0,1,674,7625.76,0.36,9.69,0.42,0,0.07,0
TXN_10552,ACC_382,147.23,4,Luxury_Goods,Domestic,12,0,0,3048,4740.37,0.16,13.74,0.18,0,0.34,0
TXN_10553,ACC_192,127.9,6,Utilities,International_LowRisk,17,0,0,3370,6587.03,0.43,10.11,0.52,0,0.28,0
TXN_10554,ACC_720,76.68,5,Travel,Domestic,12,0,0,2103,7616.28,0.25,15.52,0.39,0,0.07,0
TXN_10555,ACC_174,120.02,5,Utilities,Domestic,3,1,0,3360,6352.1,0.17,5.06,0.28,1,0.24,0
TXN_10556,ACC_356,127.03,4,Electronics,Online_Unverified,18,0,0,3206,5596.68,0.38,6.64,0.54,0,0.35,0
TXN_10557,ACC_571,7457.13,10,Wire_Transfer,International_HighRisk,15,0,1,2625,8290.71,0.74,16.47,0.71,4,0.95,1
TXN_10558,ACC_907,18.66,7,Travel,International_LowRisk,7,0,0,2145,5236.84,0.49,9.81,0.41,2,0.36,0
TXN_10559,ACC_817,7079.5,31,Crypto_Exchange,Domestic,2,1,0,341,6088.28,0.48,4.89,0.76,3,0.62,1
TXN_10560,ACC_667,1328.54,26,Gambling,Domestic,11,0,1,778,5006.84,0.56,5.26,0.8,3,0.69,1
TXN_10561,ACC_864,37.0,4,Electronics,Online_Unverified,15,0,0,3604,6376.47,0.42,7.48,0.59,0,0.07,0
TXN_10562,ACC_334,207.11,2,Grocery,Domestic,19,0,0,351,7458.88,0.23,5.62,0.25,0,0.14,0
TXN_10563,ACC_779,50.56,8,Utilities,Domestic,17,0,0,1321,7690.06,0.17,5.84,0.44,0,0.15,0
TXN_10564,ACC_688,1968.36,15,Wire_Transfer,Domestic,16,0,0,555,5385.15,0.48,10.06,0.7,5,0.94,1
TXN_10565,ACC_155,58.22,6,Utilities,Domestic,17,0,1,2841,6867.67,0.2,5.8,0.5,0,0.23,0
TXN_10566,ACC_568,132.38,1,Travel,International_LowRisk,14,0,0,893,11886.07,0.18,9.74,0.34,0,0.12,0
TXN_10567,ACC_203,58.91,5,Grocery,International_LowRisk,8,0,1,1960,9977.7,0.3,11.18,0.13,0,0.33,0
TXN_10568,ACC_451,147.03,6,Utilities,Domestic,6,0,0,1670,5857.51,0.26,10.73,0.53,0,0.31,0
TXN_10569,ACC_284,234.99,2,Electronics,Online_Unverified,21,0,1,3323,6402.21,0.28,13.27,0.54,0,0.4,0
TXN_10570,ACC_542,2874.38,33,Wire_Transfer,Domestic,23,1,1,753,3689.62,0.59,14.75,0.93,1,0.79,1
TXN_10571,ACC_531,77.67,6,Utilities,Online_Unverified,20,0,0,1258,6013.23,0.42,15.89,0.33,0,0.14,0
TXN_10572,ACC_979,38.16,4,Electronics,Domestic,22,0,1,1981,5900.32,0.32,12.06,0.39,0,0.23,0
TXN_10573,ACC_198,46.34,5,Utilities,Domestic,11,0,0,1716,6933.55,0.38,6.32,0.29,0,0.23,0
TXN_10574,ACC_988,54.19,3,Electronics,International_LowRisk,18,0,0,1195,4305.39,0.44,7.57,0.19,2,0.1,0
TXN_10575,ACC_789,329.28,7,Utilities,International_LowRisk,14,0,0,1929,8935.92,0.2,8.59,0.39,0,0.39,0
TXN_10576,ACC_248,818.63,27,Wire_Transfer,International_LowRisk,10,0,0,1687,5473.61,0.77,6.19,0.93,5,0.82,1
TXN_10577,ACC_969,4409.76,18,Gambling,Domestic,10,0,1,1223,4822.83,0.8,4.01,0.72,6,0.69,1
TXN_10578,ACC_827,260.45,6,Grocery,International_LowRisk,8,0,0,2163,4726.64,0.41,5.9,0.41,0,0.32,0
TXN_10579,ACC_523,2645.8,29,Grocery,International_HighRisk,4,1,0,3076,4626.99,0.64,6.98,0.68,3,0.74,1
TXN_10580,ACC_817,301.88,2,Luxury_Goods,Domestic,12,0,1,1968,5164.44,0.42,5.93,0.33,1,0.19,0
TXN_10581,ACC_126,95.16,3,Luxury_Goods,Domestic,2,1,1,1626,5447.5,0.5,14.34,0.4,0,0.18,0
TXN_10582,ACC_353,37.46,3,Luxury_Goods,Domestic,4,1,1,2747,9276.68,0.27,10.38,0.2,0,0.02,0
TXN_10583,ACC_433,3841.97,25,Wire_Transfer,Domestic,17,0,0,583,2331.77,0.65,14.49,0.82,4,0.96,1
TXN_10584,ACC_814,36.02,7,Utilities,Domestic,14,0,0,2649,9949.39,0.23,4.62,0.32,0,0.02,0
TXN_10585,ACC_455,169.74,6,Utilities,Domestic,2,1,0,667,5667.61,0.25,14.02,0.4,0,0.05,0
TXN_10586,ACC_100,74.73,8,Utilities,International_LowRisk,4,1,0,2847,4239.86,0.42,6.96,0.16,0,0.3,0
TXN_10587,ACC_873,150.76,4,Utilities,Domestic,13,0,0,2275,6696.14,0.29,13.69,0.56,0,0.23,0
TXN_10588,ACC_521,1434.95,31,Wire_Transfer,Domestic,7,0,1,1626,9091.74,0.83,12.35,0.66,6,0.73,1
TXN_10589,ACC_948,339.74,5,Utilities,Domestic,13,0,0,3073,8238.31,0.39,15.84,0.41,0,0.11,0
TXN_10590,ACC_375,8065.47,11,Utilities,International_HighRisk,5,1,1,1895,5588.92,0.56,16.04,0.74,6,0.89,1
TXN_10591,ACC_732,16.24,1,Utilities,International_LowRisk,15,0,1,2221,5292.04,0.37,9.53,0.45,0,0.29,0
TXN_10592,ACC_204,51.3,4,Grocery,Domestic,14,0,0,90,6040.9,0.48,6.32,0.52,0,0.14,0
TXN_10593,ACC_450,70.92,8,Utilities,International_LowRisk,15,0,0,159,7148.11,0.18,5.88,0.13,0,0.37,0
TXN_10594,ACC_963,428.33,2,Luxury_Goods,Domestic,8,0,0,773,4204.62,0.24,9.89,0.35,0,0.18,0
TXN_10595,ACC_961,145.13,4,Grocery,Domestic,0,1,1,1844,4602.17,0.35,9.03,0.48,0,0.3,0
TXN_10596,ACC_134,274.11,4,Grocery,International_LowRisk,3,1,0,2821,9994.73,0.26,12.64,0.55,0,0.36,0
TXN_10597,ACC_430,53.03,2,Grocery,International_LowRisk,23,1,0,2645,8946.17,0.27,5.5,0.19,0,0.08,0
TXN_10598,ACC_469,5147.11,15,Wire_Transfer,International_HighRisk,6,0,0,1808,5982.29,0.65,7.75,0.75,6,0.81,1
TXN_10599,ACC_432,123.79,4,Grocery,International_LowRisk,18,0,1,202,8322.73,0.19,8.3,0.18,0,0.18,0
TXN_10600,ACC_807,173.46,4,Utilities,Domestic,11,0,0,404,6711.51,0.44,11.08,0.57,0,0.27,0
TXN_10601,ACC_446,4245.4,19,Gambling,Online_Unverified,20,0,1,660,6254.58,0.58,11.21,0.78,6,0.95,1
TXN_10602,ACC_818,89.83,6,Utilities,Domestic,15,0,1,1826,6686.74,0.23,4.84,0.59,0,0.06,0
TXN_10603,ACC_121,123.42,1,Electronics,Domestic,4,1,1,1822,4596.16,0.38,6.16,0.12,0,0.3,0
TXN_10604,ACC_655,115.71,6,Electronics,Domestic,5,1,0,1157,6654.96,0.44,16.29,0.57,0,0.13,0
TXN_10605,ACC_713,1552.31,22,Gambling,Domestic,2,1,0,3386,5672.79,0.59,6.83,0.79,3,0.98,1
TXN_10606,ACC_369,129.22,3,Utilities,Domestic,20,0,0,2568,10275.38,0.28,14.29,0.39,1,0.11,0
TXN_10607,ACC_894,221.24,7,Electronics,Domestic,2,1,0,2828,5332.8,0.28,6.61,0.28,0,0.2,0
TXN_10608,ACC_664,25.62,2,Grocery,Domestic,13,0,0,2728,8576.76,0.44,6.77,0.34,0,0.19,0
TXN_10609,ACC_955,2178.73,23,Gambling,Domestic,1,1,1,434,2760.52,0.6,15.66,0.92,2,0.92,1
TXN_10610,ACC_132,942.03,27,Electronics,International_HighRisk,21,0,0,2447,5722.96,0.66,4.41,0.88,6,0.96,1
TXN_10611,ACC_362,92.46,4,Grocery,Domestic,22,0,1,3438,6617.97,0.38,12.93,0.18,0,0.17,0
TXN_10612,ACC_920,23.51,7,Electronics,Domestic,23,1,0,3283,7393.75,0.36,15.73,0.16,0,0.17,0
TXN_10613,ACC_943,145.09,5,Electronics,Domestic,23,1,1,914,8818.15,0.34,14.18,0.28,0,0.04,0
TXN_10614,ACC_199,128.56,4,Grocery,Domestic,12,0,1,762,5827.49,0.19,8.44,0.23,0,0.16,0
TXN_10615,ACC_671,78.96,8,Utilities,Domestic,20,0,0,1779,4095.7,0.17,5.96,0.43,0,0.27,0
TXN_10616,ACC_270,225.75,3,Luxury_Goods,Domestic,16,0,0,2487,5708.64,0.21,14.99,0.31,0,0.03,0
TXN_10617,ACC_460,3349.97,21,Gambling,Domestic,10,0,0,1793,6950.53,0.74,11.87,0.82,6,0.69,1
TXN_10618,ACC_945,76.94,7,Luxury_Goods,International_LowRisk,18,0,0,3079,7885.45,0.39,9.36,0.37,0,0.3,0
TXN_10619,ACC_563,172.79,5,Utilities,Domestic,23,1,1,2150,8901.06,0.44,9.39,0.17,0,0.33,0
TXN_10620,ACC_409,72.18,1,Grocery,Online_Unverified,6,0,0,2855,6780.72,0.45,10.05,0.23,0,0.37,0
TXN_10621,ACC_666,101.61,1,Utilities,Domestic,18,0,1,669,6311.08,0.26,13.1,0.39,0,0.13,0
TXN_10622,ACC_475,1985.23,10,Wire_Transfer,Domestic,8,0,0,1667,7339.22,0.83,9.0,0.92,5,0.86,1
TXN_10623,ACC_682,5852.31,23,Gambling,International_LowRisk,23,1,0,2029,9798.96,0.46,12.6,0.98,2,0.7,1
TXN_10624,ACC_945,948.96,17,Wire_Transfer,International_LowRisk,3,1,0,3023,8641.22,0.7,6.78,0.71,1,0.97,1
TXN_10625,ACC_927,59.04,6,Electronics,Domestic,1,1,0,3377,5898.28,0.21,13.47,0.31,0,0.22,0
TXN_10626,ACC_988,288.89,1,Grocery,International_LowRisk,23,1,0,2619,4081.05,0.19,4.21,0.3,0,0.04,0
TXN_10627,ACC_412,145.07,4,Utilities,Domestic,18,0,1,2789,7482.42,0.23,15.58,0.18,0,0.24,0
TXN_10628,ACC_502,80.29,4,Travel,International_LowRisk,18,0,0,3250,5783.94,0.35,8.91,0.12,0,0.03,0
TXN_10629,ACC_235,18.49,7,Grocery,Domestic,23,1,1,1662,6321.53,0.43,11.35,0.11,0,0.24,0
TXN_10630,ACC_892,75.84,8,Electronics,International_LowRisk,15,0,0,2370,6424.86,0.25,12.87,0.37,0,0.39,0
TXN_10631,ACC_730,53.01,7,Travel,Domestic,7,0,1,2389,6301.81,0.34,14.4,0.29,0,0.36,0
TXN_10632,ACC_787,211.57,1,Utilities,Domestic,6,0,0,723,5294.36,0.44,15.63,0.21,0,0.1,0
TXN_10633,ACC_731,850.77,9,Crypto_Exchange,International_HighRisk,19,0,1,847,1500.0,0.8,8.18,0.76,2,0.78,1
TXN_10634,ACC_801,75.22,1,Utilities,International_LowRisk,2,1,1,2573,5750.36,0.35,14.07,0.18,0,0.22,0
TXN_10635,ACC_989,5497.25,11,Crypto_Exchange,Domestic,10,0,0,1873,4191.27,0.56,12.5,0.7,3,0.66,1
TXN_10636,ACC_582,22.0,5,Grocery,Domestic,17,0,1,2581,2996.34,0.39,6.42,0.3,0,0.02,0
TXN_10637,ACC_244,138.1,1,Electronics,International_LowRisk,12,0,0,276,4495.57,0.46,9.14,0.54,0,0.11,0
TXN_10638,ACC_908,48.02,1,Electronics,Domestic,14,0,0,2734,4995.13,0.39,14.3,0.51,0,0.27,0
TXN_10639,ACC_972,2270.39,35,Gambling,Domestic,3,1,1,1613,4106.42,0.59,5.02,0.89,6,0.66,1
TXN_10640,ACC_336,603.46,6,Travel,Domestic,22,0,1,2475,8287.4,0.49,13.92,0.59,0,0.07,0
TXN_10641,ACC_290,144.25,1,Grocery,Online_Unverified,17,0,0,2198,11063.3,0.25,9.14,0.53,0,0.24,0
TXN_10642,ACC_601,81.93,6,Utilities,Domestic,11,0,0,997,5264.72,0.45,6.52,0.38,0,0.14,0
TXN_10643,ACC_613,341.96,1,Grocery,Domestic,8,0,0,1177,4595.37,0.34,13.57,0.51,1,0.28,0
TXN_10644,ACC_449,1521.04,24,Wire_Transfer,International_LowRisk,2,1,0,2538,5146.01,0.5,16.24,0.68,6,0.94,1
TXN_10645,ACC_993,149.44,7,Electronics,Domestic,7,0,0,2509,9834.45,0.39,12.53,0.26,2,0.34,0
TXN_10646,ACC_655,117.78,4,Grocery,International_LowRisk,18,0,0,1295,9546.48,0.42,6.83,0.24,1,0.18,0
TXN_10647,ACC_636,4625.82,26,Gambling,Domestic,4,1,0,1330,7067.5,0.75,14.62,0.86,2,0.69,1
TXN_10648,ACC_169,20.52,3,Electronics,Online_Unverified,3,1,1,3165,4524.25,0.32,15.61,0.27,0,0.3,0
TXN_10649,ACC_523,63.41,5,Travel,Domestic,23,1,0,799,4358.3,0.18,10.85,0.11,0,0.19,0
TXN_10650,ACC_289,38.03,4,Grocery,Online_Unverified,19,0,1,975,10322.84,0.49,4.63,0.43,0,0.13,0
TXN_10651,ACC_467,280.29,8,Grocery,International_LowRisk,4,1,0,1561,3162.8,0.33,15.47,0.38,0,0.23,0
TXN_10652,ACC_496,77.62,7,Utilities,Domestic,6,0,1,91,8617.46,0.25,10.57,0.46,0,0.07,0
TXN_10653,ACC_522,158.61,2,Grocery,International_LowRisk,6,0,0,1829,7235.24,0.39,7.7,0.5,0,0.36,0
TXN_10654,ACC_601,503.89,32,Electronics,International_HighRisk,7,0,0,2520,6796.18,0.71,11.92,0.72,1,0.71,1
TXN_10655,ACC_852,3650.27,31,Crypto_Exchange,International_LowRisk,12,0,0,2462,7830.83,0.58,8.28,0.89,5,0.61,1
TXN_10656,ACC_649,1005.88,22,Utilities,International_HighRisk,1,1,0,3417,10382.43,0.82,12.12,0.92,4,0.64,1
TXN_10657,ACC_998,28.1,1,Grocery,Online_Unverified,16,0,0,2144,4667.45,0.42,7.18,0.46,0,0.17,0
TXN_10658,ACC_150,16.56,5,Grocery,Domestic,9,0,0,1760,9210.89,0.49,11.07,0.53,0,0.22,0
TXN_10659,ACC_155,101.7,8,Electronics,Online_Unverified,14,0,0,2080,3377.01,0.28,7.0,0.37,0,0.04,0
TXN_10660,ACC_897,849.24,21,Electronics,International_HighRisk,17,0,1,1876,9506.84,0.52,16.34,0.68,3,0.72,1
TXN_10661,ACC_125,85.46,8,Grocery,Domestic,22,0,0,1357,9053.93,0.5,8.09,0.54,0,0.22,0
TXN_10662,ACC_828,58.79,8,Luxury_Goods,International_LowRisk,3,1,1,379,7176.05,0.39,7.94,0.44,0,0.17,0
TXN_10663,ACC_493,32.16,7,Luxury_Goods,Online_Unverified,19,0,0,209,8701.64,0.35,13.42,0.16,0,0.26,0
TXN_10664,ACC_443,262.5,3,Electronics,International_LowRisk,4,1,1,2946,8622.74,0.37,6.33,0.47,0,0.2,0
TXN_10665,ACC_415,18.12,3,Grocery,International_LowRisk,14,0,0,568,5777.07,0.37,5.57,0.32,0,0.12,0
TXN_10666,ACC_103,412.19,8,Electronics,Domestic,14,0,0,53,7332.89,0.35,10.77,0.34,0,0.05,0
TXN_10667,ACC_605,25.8,8,Grocery,Domestic,15,0,0,2488,3402.08,0.35,11.97,0.15,0,0.03,1
TXN_10668,ACC_660,220.82,3,Grocery,International_LowRisk,6,0,1,1459,7015.95,0.39,7.15,0.35,0,0.03,0
TXN_10669,ACC_974,59.14,2,Grocery,Domestic,19,0,0,1737,9679.68,0.43,8.56,0.55,0,0.25,0
TXN_10670,ACC_265,137.92,3,Electronics,International_LowRisk,22,0,0,3099,7648.14,0.4,10.96,0.19,2,0.19,0
TXN_10671,ACC_136,68.3,2,Grocery,Domestic,11,0,0,3484,4447.26,0.26,12.45,0.11,0,0.37,0
TXN_10672,ACC_399,75.49,7,Utilities,Domestic,8,0,0,2880,8960.0,0.29,15.68,0.33,0,0.3,0
TXN_10673,ACC_159,49.66,2,Grocery,International_LowRisk,20,0,0,2850,5312.38,0.49,8.24,0.39,0,0.06,0
TXN_10674,ACC_907,99.61,5,Travel,Domestic,19,0,0,2582,6168.74,0.5,9.65,0.43,0,0.07,0
TXN_10675,ACC_232,67.57,8,Electronics,Domestic,23,1,0,3649,2912.22,0.46,12.25,0.16,0,0.17,0
TXN_10676,ACC_825,85.01,2,Grocery,Domestic,3,1,1,879,3789.1,0.43,15.76,0.13,0,0.26,0
TXN_10677,ACC_524,140.56,4,Utilities,Domestic,17,0,0,854,9401.86,0.32,9.02,0.18,0,0.38,0
TXN_10678,ACC_360,64.51,1,Luxury_Goods,Domestic,16,0,0,1395,10114.39,0.21,13.18,0.3,0,0.06,0
TXN_10679,ACC_841,43.11,6,Electronics,Online_Unverified,5,1,1,1992,6925.15,0.36,8.32,0.38,1,0.03,0
TXN_10680,ACC_916,209.95,6,Grocery,Domestic,4,1,0,3364,8553.97,0.35,15.35,0.14,0,0.22,0
TXN_10681,ACC_860,75.56,6,Grocery,Domestic,18,0,0,106,10445.08,0.2,5.01,0.17,0,0.13,0
TXN_10682,ACC_801,351.75,3,Grocery,Online_Unverified,11,0,1,157,3728.02,0.44,5.0,0.39,0,0.3,0
TXN_10683,ACC_484,2767.53,13,Electronics,International_HighRisk,18,0,0,508,6890.96,0.76,5.55,0.92,5,0.85,1
TXN_10684,ACC_985,264.66,5,Luxury_Goods,Domestic,10,0,0,2065,6302.31,0.4,4.5,0.19,0,0.39,0
TXN_10685,ACC_480,77.39,3,Utilities,Online_Unverified,6,0,0,3245,6055.05,0.48,14.12,0.39,0,0.21,0
TXN_10686,ACC_306,11022.56,24,Gambling,Domestic,0,1,0,809,10593.72,0.48,14.18,0.97,2,0.61,1
TXN_10687,ACC_448,1651.39,18,Gambling,International_LowRisk,16,0,0,3181,5399.77,0.71,11.49,0.8,2,0.65,1
TXN_10688,ACC_992,294.23,3,Grocery,Online_Unverified,16,0,0,179,6205.95,0.3,4.6,0.21,0,0.16,0
TXN_10689,ACC_830,6511.29,29,Wire_Transfer,Domestic,9,0,0,3601,7005.14,0.59,14.32,0.84,5,0.92,1
TXN_10690,ACC_189,3993.71,29,Grocery,International_HighRisk,3,1,0,1309,9269.06,0.62,15.97,0.85,6,0.91,1
TXN_10691,ACC_123,108.47,4,Electronics,Domestic,6,0,0,2210,3923.38,0.37,4.74,0.21,0,0.25,0
TXN_10692,ACC_551,126.27,1,Electronics,Domestic,5,1,1,2322,7085.43,0.23,12.33,0.36,2,0.31,0
TXN_10693,ACC_311,25.02,5,Utilities,Domestic,8,0,1,731,5544.71,0.21,4.64,0.18,0,0.18,0
TXN_10694,ACC_727,2275.04,23,Wire_Transfer,Domestic,1,1,1,236,3989.73,0.6,14.49,0.81,6,0.8,1
TXN_10695,ACC_208,33.84,8,Utilities,Domestic,12,0,1,1309,9891.45,0.17,14.98,0.13,0,0.21,0
TXN_10696,ACC_302,112.94,8,Luxury_Goods,International_LowRisk,17,0,1,410,10294.58,0.18,4.55,0.12,0,0.38,0
TXN_10697,ACC_815,39.59,8,Utilities,Domestic,21,0,0,946,5590.9,0.17,6.12,0.42,0,0.22,0
TXN_10698,ACC_731,31.29,6,Grocery,Domestic,5,1,0,3644,6062.69,0.24,8.48,0.36,0,0.06,0
TXN_10699,ACC_599,561.83,3,Grocery,Domestic,11,0,0,1457,8455.63,0.2,4.96,0.57,0,0.28,0
TXN_10700,ACC_230,15.5,6,Utilities,Domestic,22,0,0,320,2288.71,0.29,10.12,0.42,0,0.27,0
TXN_10701,ACC_645,79.43,3,Utilities,Domestic,7,0,0,1602,9560.39,0.21,7.94,0.27,2,0.02,0
TXN_10702,ACC_313,2248.14,18,Crypto_Exchange,Domestic,13,0,0,2873,7829.85,0.52,13.97,0.68,5,0.69,1
TXN_10703,ACC_341,150.82,8,Grocery,International_LowRisk,23,1,0,2471,6133.7,0.47,8.37,0.34,0,0.22,0
TXN_10704,ACC_668,198.03,2,Grocery,Domestic,9,0,0,2837,5786.65,0.46,14.38,0.22,0,0.4,0
TXN_10705,ACC_889,1390.58,10,Crypto_Exchange,Domestic,20,0,0,3376,7500.48,0.84,8.18,0.79,2,0.76,1
TXN_10706,ACC_242,5093.97,32,Wire_Transfer,Online_Unverified,20,0,0,2736,5432.8,0.78,14.05,0.84,2,0.76,1
TXN_10707,ACC_252,256.57,4,Utilities,Domestic,19,0,0,3623,9059.04,0.2,9.03,0.45,0,0.03,0
TXN_10708,ACC_683,102.98,6,Luxury_Goods,International_LowRisk,13,0,0,2416,2066.36,0.39,8.95,0.17,2,0.4,1
TXN_10709,ACC_622,32.13,1,Utilities,Domestic,9,0,1,2323,5336.44,0.46,12.37,0.57,0,0.07,0
TXN_10710,ACC_467,94.35,7,Grocery,Domestic,0,1,1,2945,4152.24,0.36,11.19,0.28,0,0.17,0
TXN_10711,ACC_490,36.13,4,Utilities,Domestic,5,1,0,3484,7857.89,0.35,4.31,0.38,0,0.19,0
TXN_10712,ACC_960,67.59,1,Utilities,Domestic,21,0,1,94,4875.2,0.24,12.69,0.38,0,0.31,0
TXN_10713,ACC_598,115.55,7,Electronics,Online_Unverified,4,1,1,3261,4276.84,0.36,7.27,0.47,1,0.32,0
TXN_10714,ACC_535,80.18,8,Electronics,Domestic,13,0,0,954,6428.35,0.25,4.08,0.36,0,0.24,0
TXN_10715,ACC_719,97.28,5,Grocery,Domestic,23,1,1,2267,7781.09,0.16,6.18,0.47,0,0.12,0
TXN_10716,ACC_134,91.56,8,Travel,Domestic,22,0,0,357,6746.16,0.34,9.09,0.41,2,0.05,0
TXN_10717,ACC_848,3078.95,10,Utilities,International_HighRisk,8,0,0,2528,6958.15,0.46,15.13,0.71,5,0.95,1
TXN_10718,ACC_190,124.04,2,Grocery,International_LowRisk,21,0,0,2238,8648.64,0.41,15.41,0.31,0,0.33,0
TXN_10719,ACC_419,116.87,8,Electronics,Online_Unverified,17,0,0,1951,4869.25,0.22,10.94,0.23,0,0.08,0
TXN_10720,ACC_439,121.41,1,Utilities,Online_Unverified,9,0,0,2477,4367.53,0.18,5.1,0.41,0,0.18,0
TXN_10721,ACC_844,37.62,3,Luxury_Goods,Domestic,20,0,0,2718,8979.17,0.25,4.17,0.21,0,0.21,0
TXN_10722,ACC_928,140.77,2,Luxury_Goods,Domestic,15,0,1,1168,5707.54,0.48,4.25,0.5,1,0.27,0
TXN_10723,ACC_730,1084.43,27,Grocery,International_HighRisk,0,1,0,2453,9018.47,0.68,15.65,0.8,2,0.95,1
TXN_10724,ACC_856,710.09,4,Grocery,Domestic,5,1,1,3304,8792.88,0.46,4.62,0.24,0,0.29,0
TXN_10725,ACC_133,46.53,3,Grocery,Domestic,4,1,0,3113,10599.62,0.23,6.99,0.23,0,0.36,0
TXN_10726,ACC_888,185.28,4,Utilities,International_LowRisk,23,1,0,3478,6501.37,0.29,6.62,0.26,0,0.31,0
TXN_10727,ACC_757,13636.74,20,Grocery,International_HighRisk,1,1,1,1264,7885.71,0.57,12.65,0.96,4,0.85,1
TXN_10728,ACC_587,419.5,7,Luxury_Goods,International_LowRisk,17,0,1,624,7969.28,0.39,13.12,0.17,0,0.16,0
TXN_10729,ACC_545,117.7,6,Grocery,Online_Unverified,14,0,0,2827,10295.53,0.26,13.32,0.35,2,0.09,0
TXN_10730,ACC_199,1424.9,28,Gambling,International_LowRisk,13,0,0,1402,4604.21,0.53,13.79,0.74,3,0.76,1
TXN_10731,ACC_376,302.96,8,Grocery,Domestic,20,0,0,3098,5821.76,0.46,15.95,0.48,0,0.15,0
TXN_10732,ACC_788,71.72,3,Electronics,Domestic,10,0,0,73,7240.12,0.32,5.36,0.13,0,0.14,0
TXN_10733,ACC_951,49.29,8,Grocery,Domestic,16,0,1,3000,8065.75,0.46,14.72,0.5,0,0.13,0
TXN_10734,ACC_297,188.6,4,Grocery,International_LowRisk,1,1,0,2643,5637.75,0.48,12.53,0.45,2,0.07,0
TXN_10735,ACC_222,63.35,3,Grocery,International_LowRisk,12,0,0,2879,5779.92,0.33,14.03,0.42,1,0.21,0
TXN_10736,ACC_401,252.16,5,Utilities,Online_Unverified,20,0,0,2865,5043.85,0.27,12.28,0.58,0,0.06,0
TXN_10737,ACC_888,182.23,1,Luxury_Goods,Domestic,2,1,1,1392,8558.91,0.26,12.47,0.57,0,0.33,0
TXN_10738,ACC_364,49.89,4,Travel,Domestic,14,0,1,760,8244.63,0.17,12.97,0.18,0,0.35,0
TXN_10739,ACC_211,92.43,2,Grocery,International_LowRisk,6,0,0,2960,6857.39,0.21,6.36,0.29,1,0.34,0
TXN_10740,ACC_135,167.92,1,Grocery,Domestic,8,0,0,639,8958.43,0.31,14.36,0.4,1,0.21,0
TXN_10741,ACC_100,6692.86,18,Gambling,International_LowRisk,8,0,1,2383,8936.39,0.79,8.54,0.68,4,0.88,1
TXN_10742,ACC_103,268.71,7,Utilities,Online_Unverified,15,0,0,3228,8614.74,0.29,15.08,0.16,0,0.29,0
TXN_10743,ACC_171,20.8,8,Utilities,Domestic,22,0,0,2222,4667.36,0.37,15.78,0.44,0,0.38,0
TXN_10744,ACC_467,57.51,2,Grocery,Domestic,1,1,0,3525,4826.16,0.2,4.13,0.3,0,0.31,0
TXN_10745,ACC_182,3250.39,13,Crypto_Exchange,International_LowRisk,9,0,0,191,7062.02,0.59,9.51,0.77,5,0.98,1
TXN_10746,ACC_493,269.35,6,Electronics,Domestic,12,0,0,2621,2234.81,0.2,16.28,0.35,0,0.21,0
TXN_10747,ACC_294,49.52,4,Grocery,Domestic,23,1,0,288,3223.94,0.36,13.81,0.43,0,0.04,0
TXN_10748,ACC_758,41.14,1,Grocery,Domestic,14,0,0,259,2927.25,0.3,9.73,0.42,0,0.33,0
TXN_10749,ACC_838,50.59,8,Grocery,Domestic,20,0,0,3594,8086.35,0.26,8.31,0.36,1,0.3,0
TXN_10750,ACC_252,21.75,3,Luxury_Goods,Domestic,2,1,1,108,6255.89,0.23,4.0,0.31,0,0.09,0
TXN_10751,ACC_733,310.81,1,Grocery,International_LowRisk,4,1,1,3391,7143.36,0.21,9.38,0.47,1,0.34,0
TXN_10752,ACC_567,944.0,11,Electronics,International_HighRisk,2,1,0,2066,6836.12,0.6,11.77,0.77,1,0.8,0
TXN_10753,ACC_730,4939.39,34,Grocery,International_HighRisk,13,0,0,2808,9005.69,0.85,8.27,0.66,6,0.64,1
TXN_10754,ACC_511,85.48,6,Grocery,Online_Unverified,18,0,0,3278,5603.55,0.45,14.83,0.35,0,0.27,0
TXN_10755,ACC_146,16.2,7,Electronics,Domestic,3,1,1,1545,7144.16,0.5,13.43,0.33,0,0.31,0
TXN_10756,ACC_549,49.3,7,Grocery,Domestic,4,1,1,94,6477.82,0.45,5.22,0.6,0,0.22,0
TXN_10757,ACC_182,162.05,5,Grocery,Domestic,2,1,0,3337,7829.41,0.29,8.22,0.1,0,0.14,0
TXN_10758,ACC_587,225.9,8,Electronics,Domestic,20,0,1,744,5394.16,0.23,6.92,0.25,0,0.01,0
TXN_10759,ACC_138,23.47,5,Electronics,International_LowRisk,19,0,0,48,2837.71,0.25,14.95,0.38,0,0.08,0
TXN_10760,ACC_296,297.84,4,Grocery,Domestic,3,1,0,2595,4043.11,0.19,15.92,0.27,0,0.2,0
TXN_10761,ACC_383,22.45,8,Grocery,Domestic,4,1,0,684,7428.74,0.26,5.53,0.25,0,0.13,0
TXN_10762,ACC_144,135.91,6,Grocery,Domestic,6,0,0,3136,5398.9,0.47,6.38,0.14,0,0.06,0
TXN_10763,ACC_206,221.61,1,Luxury_Goods,Online_Unverified,5,1,1,505,7672.33,0.48,6.11,0.14,0,0.22,0
TXN_10764,ACC_340,245.85,6,Luxury_Goods,Domestic,10,0,0,481,5675.17,0.42,15.68,0.36,0,0.02,0
TXN_10765,ACC_200,302.89,4,Grocery,Domestic,6,0,0,2426,4513.28,0.22,8.71,0.54,0,0.33,0
TXN_10766,ACC_546,74.97,6,Grocery,Online_Unverified,14,0,1,2978,4468.24,0.39,6.09,0.18,0,0.22,0
TXN_10767,ACC_467,59.58,1,Travel,Domestic,4,1,1,485,4512.27,0.41,10.84,0.5,0,0.21,0
TXN_10768,ACC_569,25.98,3,Utilities,International_LowRisk,7,0,0,2643,7340.38,0.16,7.42,0.31,0,0.16,0
TXN_10769,ACC_274,388.88,8,Electronics,Domestic,7,0,1,916,5704.64,0.17,15.85,0.28,1,0.38,0
TXN_10770,ACC_957,33.27,4,Utilities,Domestic,13,0,0,1808,4131.94,0.49,8.77,0.15,0,0.31,0
TXN_10771,ACC_705,5724.44,9,Gambling,Online_Unverified,0,1,0,1957,8863.78,0.53,4.86,0.86,1,0.73,1
TXN_10772,ACC_851,63.92,2,Luxury_Goods,Domestic,16,0,0,1015,7461.82,0.27,5.86,0.42,0,0.13,0
TXN_10773,ACC_871,123.9,5,Grocery,International_LowRisk,6,0,1,401,5271.35,0.2,7.75,0.29,0,0.33,1
TXN_10774,ACC_785,138.53,1,Grocery,International_LowRisk,18,0,0,1929,5080.42,0.28,14.3,0.45,2,0.24,0
TXN_10775,ACC_995,42.39,1,Luxury_Goods,Domestic,11,0,0,319,9092.13,0.21,4.32,0.5,1,0.19,0
TXN_10776,ACC_807,155.56,4,Grocery,Domestic,13,0,0,361,4285.69,0.36,7.01,0.13,0,0.13,0
TXN_10777,ACC_443,73.69,1,Luxury_Goods,Domestic,21,0,0,1527,6485.91,0.25,5.54,0.17,0,0.04,0
TXN_10778,ACC_141,59.12,4,Utilities,Domestic,17,0,0,1401,6068.78,0.49,6.57,0.18,0,0.37,0
TXN_10779,ACC_216,177.37,4,Electronics,International_LowRisk,18,0,0,3146,3719.56,0.34,6.08,0.54,0,0.22,0
TXN_10780,ACC_461,9189.73,10,Wire_Transfer,Domestic,13,0,1,1444,6815.52,0.75,8.24,0.77,3,0.73,1
TXN_10781,ACC_563,379.54,5,Utilities,Domestic,3,1,0,1537,3434.6,0.46,13.3,0.4,0,0.3,0
TXN_10782,ACC_809,9305.57,22,Crypto_Exchange,Online_Unverified,2,1,1,358,6107.44,0.83,9.56,0.76,1,0.77,1
TXN_10783,ACC_500,2850.18,16,Wire_Transfer,Domestic,2,1,1,2885,7885.72,0.68,8.27,0.95,1,0.74,1
TXN_10784,ACC_251,2490.17,8,Utilities,International_HighRisk,16,0,0,1736,7665.14,0.77,15.76,0.77,3,0.93,1
TXN_10785,ACC_798,132.13,1,Utilities,Domestic,11,0,0,287,5387.76,0.45,9.02,0.5,0,0.3,0
TXN_10786,ACC_921,149.41,6,Grocery,Online_Unverified,20,0,0,3252,6239.88,0.27,11.93,0.47,0,0.19,0
TXN_10787,ACC_707,39.76,5,Electronics,Domestic,17,0,0,3263,8518.94,0.22,10.03,0.37,0,0.3,0
TXN_10788,ACC_908,44.21,1,Grocery,Domestic,9,0,0,1194,4810.12,0.48,9.34,0.46,0,0.39,0
TXN_10789,ACC_270,92.35,3,Electronics,Domestic,17,0,0,2867,5807.15,0.4,5.54,0.36,0,0.36,0
TXN_10790,ACC_913,42.68,3,Grocery,Domestic,1,1,0,1544,3276.87,0.49,7.03,0.12,0,0.01,0
TXN_10791,ACC_675,145.63,8,Luxury_Goods,International_LowRisk,11,0,1,695,7843.06,0.2,13.14,0.38,0,0.34,0
TXN_10792,ACC_224,5640.01,22,Gambling,Domestic,15,0,0,669,9556.06,0.59,12.11,0.84,3,0.98,1
TXN_10793,ACC_104,23.51,5,Travel,Domestic,16,0,0,1217,7258.31,0.26,8.92,0.16,0,0.36,0
TXN_10794,ACC_872,91.97,8,Travel,Domestic,4,1,0,490,8960.44,0.45,5.1,0.27,0,0.34,0
TXN_10795,ACC_141,194.96,4,Grocery,Domestic,9,0,1,408,7530.59,0.3,10.69,0.19,0,0.34,0
TXN_10796,ACC_722,136.05,5,Electronics,Domestic,7,0,0,372,4831.44,0.16,8.03,0.21,0,0.09,0
TXN_10797,ACC_556,113.45,8,Electronics,Online_Unverified,16,0,0,2508,6598.62,0.3,7.24,0.43,0,0.34,0
TXN_10798,ACC_157,689.96,21,Gambling,Domestic,4,1,0,1611,8037.68,0.57,10.66,0.69,3,0.88,1
TXN_10799,ACC_481,114.73,2,Grocery,Domestic,9,0,0,1849,7195.12,0.28,13.1,0.18,0,0.24,0
TXN_10800,ACC_525,9455.86,21,Crypto_Exchange,Domestic,23,1,0,1726,6673.4,0.53,12.33,0.85,6,0.9,1
TXN_10801,ACC_242,3917.81,23,Crypto_Exchange,Domestic,4,1,1,1403,6985.76,0.66,6.47,0.81,5,0.83,1
TXN_10802,ACC_167,6224.78,21,Gambling,Domestic,12,0,1,1149,2335.8,0.62,12.23,0.68,6,0.67,1
TXN_10803,ACC_524,84.09,3,Grocery,Domestic,18,0,0,3439,2369.83,0.27,13.21,0.38,0,0.12,0
TXN_10804,ACC_667,630.91,17,Utilities,International_HighRisk,9,0,0,2320,6556.92,0.82,4.15,0.76,4,0.79,1
TXN_10805,ACC_857,111.57,5,Utilities,Domestic,0,1,1,3447,6536.03,0.18,11.68,0.34,2,0.3,0
TXN_10806,ACC_227,1444.95,30,Electronics,International_HighRisk,13,0,1,1032,7445.26,0.48,5.33,0.79,6,0.79,1
TXN_10807,ACC_129,233.03,6,Grocery,Domestic,2,1,0,2346,4530.01,0.33,4.46,0.2,0,0.1,0
TXN_10808,ACC_364,21.5,6,Electronics,Domestic,22,0,0,2386,6897.36,0.17,9.47,0.16,0,0.34,1
TXN_10809,ACC_365,237.94,3,Grocery,Domestic,10,0,0,246,10839.87,0.16,11.14,0.31,0,0.11,0
TXN_10810,ACC_529,63.49,2,Electronics,Online_Unverified,1,1,0,3169,3652.63,0.28,5.24,0.15,0,0.13,0
TXN_10811,ACC_883,189.6,6,Grocery,International_LowRisk,17,0,0,2835,9697.08,0.45,7.57,0.59,0,0.39,0
TXN_10812,ACC_377,134.56,6,Electronics,International_LowRisk,3,1,0,82,8104.26,0.42,7.52,0.34,0,0.19,0
TXN_10813,ACC_388,60.93,3,Utilities,Domestic,10,0,0,663,6909.52,0.32,10.83,0.13,0,0.37,0
TXN_10814,ACC_951,1505.69,24,Grocery,International_HighRisk,19,0,0,2948,8031.76,0.67,10.43,0.93,5,0.73,1
TXN_10815,ACC_664,867.13,10,Luxury_Goods,International_HighRisk,13,0,0,3383,5023.89,0.6,12.54,0.97,1,0.61,1
TXN_10816,ACC_117,338.59,8,Utilities,Domestic,11,0,1,2477,6862.5,0.35,13.58,0.16,1,0.23,0
TXN_10817,ACC_450,77.59,4,Grocery,Domestic,23,1,0,2873,4598.18,0.46,7.87,0.42,0,0.35,0
TXN_10818,ACC_332,42.05,2,Grocery,Domestic,2,1,0,3203,7137.04,0.39,7.76,0.48,0,0.36,0
TXN_10819,ACC_541,39.41,1,Grocery,Domestic,21,0,0,1066,5608.11,0.23,8.08,0.34,0,0.31,0
TXN_10820,ACC_408,90.86,4,Electronics,International_LowRisk,3,1,0,849,6726.28,0.22,5.63,0.59,0,0.07,0
TXN_10821,ACC_459,42.31,6,Grocery,Domestic,23,1,0,3532,9122.33,0.35,15.07,0.31,0,0.31,0
TXN_10822,ACC_846,25.88,1,Electronics,Domestic,2,1,1,2961,6051.36,0.29,14.37,0.56,0,0.22,0
TXN_10823,ACC_388,32.22,2,Grocery,International_LowRisk,0,1,0,2095,4302.76,0.48,15.73,0.48,1,0.37,0
TXN_10824,ACC_586,53.68,2,Utilities,Domestic,14,0,0,1483,9341.01,0.42,15.62,0.45,0,0.14,0
TXN_10825,ACC_534,42.5,6,Grocery,Domestic,3,1,0,481,3499.56,0.17,7.81,0.47,0,0.32,0
TXN_10826,ACC_607,503.57,2,Luxury_Goods,International_LowRisk,17,0,0,503,4942.33,0.49,8.72,0.46,0,0.26,0
TXN_10827,ACC_567,209.24,7,Electronics,Domestic,14,0,1,3533,8792.06,0.21,8.92,0.53,0,0.18,0
TXN_10828,ACC_977,3779.61,19,Grocery,International_HighRisk,15,0,0,82,4945.26,0.54,4.73,0.89,2,0.77,1
TXN_10829,ACC_790,57.79,2,Utilities,Domestic,14,0,0,1647,5284.71,0.27,11.29,0.18,0,0.19,0
TXN_10830,ACC_704,273.86,4,Travel,International_LowRisk,5,1,1,2466,6225.38,0.38,9.24,0.4,0,0.07,0
TXN_10831,ACC_513,4726.73,32,Grocery,International_HighRisk,23,1,0,3167,8640.73,0.45,4.48,0.82,6,0.76,1
TXN_10832,ACC_695,70.11,6,Electronics,International_LowRisk,20,0,0,2500,9043.78,0.33,15.37,0.31,0,0.39,0
TXN_10833,ACC_596,166.59,5,Utilities,Domestic,14,0,1,975,3462.18,0.45,8.83,0.5,0,0.24,0
TXN_10834,ACC_237,423.29,1,Grocery,International_LowRisk,2,1,0,1597,1500.0,0.45,10.01,0.14,2,0.28,0
TXN_10835,ACC_434,23.55,8,Grocery,International_LowRisk,3,1,0,857,7553.07,0.46,10.97,0.31,0,0.22,0
TXN_10836,ACC_609,21.74,1,Utilities,Domestic,10,0,0,159,5545.18,0.25,9.87,0.36,2,0.39,0
TXN_10837,ACC_221,249.11,1,Utilities,Domestic,12,0,0,2310,8472.75,0.2,9.9,0.2,0,0.13,0
TXN_10838,ACC_898,45.97,5,Grocery,International_LowRisk,15,0,0,2026,5076.05,0.48,8.29,0.27,0,0.07,0
TXN_10839,ACC_682,546.99,8,Electronics,International_LowRisk,21,0,0,3529,10126.82,0.46,16.3,0.19,0,0.2,0
TXN_10840,ACC_157,21.18,6,Utilities,Domestic,12,0,0,1195,5814.24,0.25,6.3,0.46,0,0.05,0
TXN_10841,ACC_128,19.82,1,Electronics,Domestic,11,0,0,2590,11198.15,0.2,9.35,0.49,0,0.02,0
TXN_10842,ACC_199,18.3,4,Utilities,Online_Unverified,13,0,0,2684,5067.91,0.42,15.17,0.11,0,0.32,0
TXN_10843,ACC_186,2484.9,13,Gambling,Domestic,9,0,1,2235,8694.6,0.61,15.59,0.81,1,0.81,1
TXN_10844,ACC_433,407.61,7,Grocery,International_LowRisk,13,0,0,2880,3368.7,0.25,15.99,0.33,0,0.21,0
TXN_10845,ACC_122,33.49,2,Travel,Domestic,12,0,0,439,6721.07,0.25,5.03,0.24,0,0.24,0
TXN_10846,ACC_310,35.14,5,Grocery,Domestic,21,0,0,1815,5247.37,0.24,7.96,0.36,0,0.18,0
TXN_10847,ACC_750,818.44,16,Crypto_Exchange,International_LowRisk,17,0,1,1247,8095.69,0.83,15.37,0.97,1,0.72,1
TXN_10848,ACC_687,15.74,2,Utilities,Domestic,23,1,0,1149,2781.33,0.18,6.02,0.57,0,0.33,0
TXN_10849,ACC_920,403.53,5,Utilities,Domestic,11,0,0,1258,10213.29,0.24,13.16,0.11,0,0.22,0
TXN_10850,ACC_652,661.37,8,Grocery,Domestic,8,0,0,2272,5536.47,0.34,9.07,0.37,0,0.12,0
TXN_10851,ACC_119,37.24,4,Electronics,Domestic,5,1,0,3404,3753.19,0.32,10.8,0.53,0,0.39,0
TXN_10852,ACC_578,157.48,7,Grocery,International_LowRisk,19,0,0,3006,7539.8,0.36,8.64,0.6,1,0.21,0
TXN_10853,ACC_634,192.49,5,Grocery,Domestic,7,0,1,1710,9370.17,0.27,10.05,0.29,0,0.08,0
TXN_10854,ACC_950,6029.82,17,Gambling,International_LowRisk,13,0,1,687,5805.4,0.77,6.98,0.76,6,0.82,1
TXN_10855,ACC_362,45.49,4,Electronics,Domestic,7,0,1,3294,6828.59,0.15,9.57,0.23,0,0.21,0
TXN_10856,ACC_575,424.24,1,Utilities,Online_Unverified,13,0,0,1147,10892.45,0.2,11.12,0.53,0,0.23,0
TXN_10857,ACC_364,257.98,1,Luxury_Goods,Domestic,17,0,1,2020,6316.59,0.28,8.93,0.46,2,0.24,0
TXN_10858,ACC_156,7562.51,10,Wire_Transfer,Domestic,19,0,0,1518,4724.46,0.83,7.1,0.97,4,0.7,1
TXN_10859,ACC_787,66.33,4,Electronics,Domestic,23,1,0,3038,7081.79,0.31,12.6,0.58,0,0.36,0
TXN_10860,ACC_223,1618.19,10,Utilities,International_HighRisk,16,0,1,2486,2508.94,0.47,8.83,0.67,2,0.89,1
TXN_10861,ACC_225,67.34,4,Luxury_Goods,Domestic,18,0,0,922,5303.12,0.26,16.19,0.35,1,0.13,0
TXN_10862,ACC_279,78.54,1,Grocery,Domestic,13,0,1,1564,4566.82,0.49,7.02,0.39,0,0.18,0
TXN_10863,ACC_215,152.21,5,Grocery,Domestic,21,0,1,623,5584.73,0.18,11.45,0.4,1,0.29,0
TXN_10864,ACC_832,176.46,1,Utilities,Domestic,20,0,0,2742,6871.38,0.16,14.55,0.52,0,0.09,0
TXN_10865,ACC_155,89.02,7,Electronics,International_LowRisk,7,0,1,2899,8913.22,0.48,10.81,0.17,0,0.09,0
TXN_10866,ACC_931,31.11,7,Electronics,Domestic,7,0,0,1639,3445.66,0.22,9.14,0.22,0,0.12,0
TXN_10867,ACC_361,161.1,3,Grocery,Online_Unverified,7,0,0,2616,5239.95,0.29,4.85,0.28,1,0.09,0
TXN_10868,ACC_931,60.73,2,Luxury_Goods,Domestic,1,1,1,2043,7963.91,0.42,14.73,0.35,0,0.11,0
TXN_10869,ACC_522,7022.09,34,Gambling,Domestic,13,0,0,3406,6808.99,0.58,4.12,0.88,1,0.74,1
TXN_10870,ACC_264,78.15,6,Electronics,Domestic,11,0,0,142,5826.89,0.42,7.8,0.45,0,0.14,0
TXN_10871,ACC_756,215.32,7,Electronics,International_LowRisk,20,0,1,1281,7862.72,0.4,11.62,0.32,0,0.12,0
TXN_10872,ACC_184,310.95,3,Grocery,Domestic,22,0,0,2838,4192.62,0.35,7.43,0.48,0,0.07,0
TXN_10873,ACC_427,2751.48,29,Utilities,International_HighRisk,4,1,1,3416,10396.69,0.81,10.48,0.84,5,0.73,1
TXN_10874,ACC_435,21.3,7,Luxury_Goods,Domestic,13,0,0,3448,8550.22,0.26,6.27,0.35,1,0.1,0
TXN_10875,ACC_329,99.17,4,Grocery,Domestic,17,0,0,1924,7308.43,0.31,5.33,0.23,1,0.14,0
TXN_10876,ACC_818,5734.46,16,Wire_Transfer,Domestic,19,0,0,394,7931.75,0.5,12.05,0.9,2,0.92,1
TXN_10877,ACC_476,230.73,7,Grocery,Domestic,0,1,0,1888,5448.74,0.31,11.99,0.42,0,0.24,0
TXN_10878,ACC_606,25.19,5,Grocery,International_LowRisk,6,0,0,2054,6564.81,0.34,5.67,0.25,0,0.18,0
TXN_10879,ACC_541,4617.74,14,Wire_Transfer,International_LowRisk,9,0,0,768,1756.68,0.49,5.33,0.7,4,0.91,1
TXN_10880,ACC_518,140.83,8,Luxury_Goods,Domestic,8,0,1,1544,10584.14,0.37,4.94,0.51,1,0.35,0
TXN_10881,ACC_762,29.31,7,Utilities,Domestic,4,1,0,2951,5127.44,0.2,15.79,0.23,0,0.03,0
TXN_10882,ACC_533,128.11,1,Luxury_Goods,Domestic,3,1,0,991,3634.66,0.19,13.2,0.46,0,0.34,0
TXN_10883,ACC_462,53.61,1,Travel,Online_Unverified,19,0,0,2096,4698.66,0.5,15.63,0.27,0,0.26,0
TXN_10884,ACC_409,17.99,1,Travel,International_LowRisk,4,1,0,1096,4571.6,0.44,16.18,0.46,0,0.28,0
TXN_10885,ACC_604,13496.38,30,Gambling,International_HighRisk,4,1,1,1803,4741.43,0.71,12.13,0.92,5,0.63,1
TXN_10886,ACC_245,500.35,5,Grocery,Domestic,4,1,0,1791,7197.19,0.16,8.53,0.32,0,0.37,0
TXN_10887,ACC_997,6628.31,21,Grocery,International_HighRisk,8,0,0,1322,4383.12,0.47,15.61,0.8,2,0.87,1
TXN_10888,ACC_854,137.96,8,Travel,International_LowRisk,4,1,0,638,1503.88,0.17,16.16,0.36,0,0.13,0
TXN_10889,ACC_287,68.57,2,Grocery,Domestic,22,0,0,2057,9010.81,0.39,7.35,0.28,2,0.2,0
TXN_10890,ACC_465,60.52,3,Travel,Domestic,14,0,0,413,8391.74,0.16,11.47,0.43,0,0.06,0
TXN_10891,ACC_390,259.55,4,Grocery,Domestic,16,0,0,46,6953.37,0.31,14.27,0.32,0,0.36,0
TXN_10892,ACC_684,48.67,2,Grocery,Online_Unverified,7,0,0,136,5376.88,0.46,7.04,0.52,1,0.17,0
TXN_10893,ACC_796,110.97,3,Grocery,Domestic,3,1,0,1915,7603.77,0.47,4.61,0.15,0,0.09,0
TXN_10894,ACC_775,237.74,1,Utilities,International_LowRisk,8,0,0,209,7860.46,0.34,5.14,0.27,0,0.18,0
TXN_10895,ACC_563,184.59,3,Grocery,International_LowRisk,23,1,0,229,8799.34,0.22,4.22,0.19,0,0.24,0
TXN_10896,ACC_389,21.03,7,Grocery,Domestic,2,1,0,1075,7093.15,0.26,8.37,0.51,0,0.23,0
TXN_10897,ACC_889,3675.19,32,Wire_Transfer,Domestic,6,0,1,1197,8877.19,0.74,13.27,0.66,4,0.71,1
TXN_10898,ACC_762,149.96,7,Luxury_Goods,International_LowRisk,3,1,0,1300,10198.72,0.19,5.62,0.28,0,0.09,0
TXN_10899,ACC_717,150.31,8,Grocery,International_LowRisk,11,0,0,1619,7146.37,0.37,11.73,0.58,0,0.34,0
TXN_10900,ACC_676,197.5,3,Electronics,Domestic,13,0,0,1774,9067.63,0.17,13.34,0.52,0,0.28,0
TXN_10901,ACC_625,243.34,3,Grocery,Domestic,7,0,0,2189,4110.95,0.26,12.9,0.42,1,0.12,0
TXN_10902,ACC_637,38.21,8,Grocery,Domestic,2,1,0,553,7071.61,0.47,6.65,0.35,0,0.1,0
TXN_10903,ACC_407,1045.18,25,Crypto_Exchange,Domestic,9,0,0,214,7290.84,0.81,6.91,0.82,1,0.9,1
TXN_10904,ACC_625,35.46,5,Grocery,Domestic,3,1,0,2428,4584.86,0.41,7.87,0.4,0,0.28,0
TXN_10905,ACC_615,86.3,3,Grocery,International_LowRisk,14,0,1,215,4582.44,0.25,11.06,0.59,0,0.17,0
TXN_10906,ACC_997,49.89,8,Luxury_Goods,Domestic,23,1,0,1115,3794.98,0.46,5.29,0.23,0,0.37,0
TXN_10907,ACC_992,4240.63,27,Crypto_Exchange,Domestic,2,1,0,3600,7815.53,0.84,12.46,0.71,3,0.95,1
TXN_10908,ACC_789,58.07,1,Grocery,Domestic,0,1,0,1984,6360.94,0.18,5.8,0.25,0,0.08,0
TXN_10909,ACC_514,886.93,17,Wire_Transfer,Online_Unverified,19,0,0,3360,7196.68,0.51,6.46,0.91,5,0.76,1
TXN_10910,ACC_731,27.33,5,Utilities,International_LowRisk,22,0,0,583,4704.34,0.44,8.43,0.56,0,0.08,1
TXN_10911,ACC_214,4233.07,14,Crypto_Exchange,International_LowRisk,6,0,0,2686,3724.26,0.72,4.49,0.87,4,0.81,1
TXN_10912,ACC_248,87.96,4,Electronics,Domestic,20,0,0,3182,8027.72,0.44,16.4,0.38,0,0.36,0
TXN_10913,ACC_585,36.44,8,Utilities,Domestic,4,1,0,1961,7984.92,0.49,5.34,0.44,2,0.28,1
TXN_10914,ACC_560,197.08,7,Electronics,Domestic,18,0,0,62,5224.82,0.37,9.38,0.29,0,0.36,0
TXN_10915,ACC_967,84.1,5,Luxury_Goods,Online_Unverified,15,0,0,1667,7240.42,0.48,7.16,0.48,0,0.13,0
TXN_10916,ACC_705,23.36,1,Luxury_Goods,Online_Unverified,15,0,1,1758,7668.63,0.37,13.01,0.56,0,0.11,0
TXN_10917,ACC_666,1540.43,11,Grocery,International_HighRisk,13,0,0,2580,4488.8,0.6,14.29,0.66,4,0.88,1
TXN_10918,ACC_761,47.15,4,Grocery,International_LowRisk,0,1,1,1824,7220.33,0.36,5.34,0.3,0,0.26,0
TXN_10919,ACC_324,17.05,8,Electronics,International_LowRisk,19,0,0,1231,8204.94,0.44,16.07,0.23,0,0.36,0
TXN_10920,ACC_499,9161.56,19,Travel,International_HighRisk,21,0,0,3305,4041.63,0.5,16.22,0.91,4,0.8,1
TXN_10921,ACC_964,415.09,8,Grocery,Domestic,22,0,0,847,8117.84,0.19,8.73,0.25,0,0.07,0
TXN_10922,ACC_603,26.11,4,Grocery,Domestic,15,0,0,104,5331.09,0.37,9.2,0.59,0,0.14,0
TXN_10923,ACC_367,36.86,2,Utilities,Domestic,16,0,1,496,6918.94,0.25,15.61,0.51,0,0.39,0
TXN_10924,ACC_223,97.4,1,Electronics,Domestic,10,0,0,2311,4530.93,0.4,13.15,0.32,0,0.34,0
TXN_10925,ACC_254,1168.91,30,Wire_Transfer,International_HighRisk,19,0,0,1823,7591.57,0.48,16.45,0.86,1,0.74,1
TXN_10926,ACC_918,2752.14,33,Utilities,International_HighRisk,3,1,0,2527,2156.86,0.77,11.44,0.79,5,0.92,1
TXN_10927,ACC_900,8118.78,11,Wire_Transfer,Domestic,17,0,1,2610,4315.72,0.7,5.17,0.85,2,0.76,1
TXN_10928,ACC_220,558.84,30,Wire_Transfer,Online_Unverified,5,1,0,3151,5992.65,0.53,13.2,0.73,4,0.94,1
TXN_10929,ACC_618,1849.9,18,Utilities,International_HighRisk,4,1,0,533,9383.89,0.83,5.8,0.7,2,0.8,1
TXN_10930,ACC_968,16.04,8,Grocery,Online_Unverified,0,1,1,2098,5475.25,0.31,10.48,0.39,0,0.02,0
TXN_10931,ACC_372,15.9,4,Utilities,International_LowRisk,11,0,0,3116,4725.34,0.3,14.16,0.46,0,0.17,0
TXN_10932,ACC_906,3607.23,22,Grocery,International_HighRisk,13,0,0,3284,8043.59,0.7,14.37,0.73,5,0.68,1
TXN_10933,ACC_798,79.47,2,Utilities,Domestic,4,1,0,1319,5141.54,0.38,6.55,0.53,0,0.11,0
TXN_10934,ACC_890,133.28,3,Grocery,Domestic,1,1,0,266,1500.0,0.32,10.07,0.6,1,0.15,0
TXN_10935,ACC_830,3420.29,29,Luxury_Goods,International_HighRisk,9,0,0,2297,7774.65,0.63,10.15,0.91,6,0.96,1
TXN_10936,ACC_994,40.63,5,Grocery,International_LowRisk,11,0,1,2530,9732.6,0.47,8.19,0.22,1,0.19,0
TXN_10937,ACC_817,380.05,8,Utilities,International_LowRisk,17,0,0,3355,5869.41,0.34,5.24,0.42,0,0.22,0
TXN_10938,ACC_514,3913.86,18,Luxury_Goods,International_HighRisk,2,1,1,3000,4617.95,0.54,6.06,0.91,4,0.77,1
TXN_10939,ACC_836,77.57,2,Luxury_Goods,Domestic,17,0,0,1308,4787.66,0.3,16.31,0.46,0,0.37,0
TXN_10940,ACC_875,146.74,4,Electronics,Domestic,17,0,0,1274,6571.13,0.19,16.07,0.39,0,0.12,0
TXN_10941,ACC_617,38.05,6,Grocery,Domestic,11,0,1,3128,7885.54,0.4,11.68,0.22,0,0.26,0
TXN_10942,ACC_227,282.6,4,Utilities,Domestic,0,1,0,2412,8711.67,0.24,16.35,0.27,0,0.04,0
TXN_10943,ACC_742,2226.54,17,Electronics,International_HighRisk,7,0,0,3244,4907.73,0.53,9.14,0.88,6,0.89,1
TXN_10944,ACC_934,47.04,4,Luxury_Goods,International_LowRisk,22,0,0,2145,4599.87,0.49,8.27,0.54,0,0.02,0
TXN_10945,ACC_942,64.59,7,Luxury_Goods,Domestic,4,1,0,284,6118.26,0.44,13.88,0.44,0,0.01,0
TXN_10946,ACC_233,129.94,7,Utilities,Domestic,11,0,0,2155,6103.61,0.26,8.61,0.41,0,0.03,0
TXN_10947,ACC_992,191.22,8,Grocery,Domestic,13,0,0,1737,9313.87,0.48,10.05,0.3,0,0.33,0
TXN_10948,ACC_247,288.38,2,Utilities,Domestic,14,0,1,1895,5531.76,0.48,14.32,0.14,0,0.36,0
TXN_10949,ACC_864,203.03,7,Grocery,Domestic,3,1,0,1543,6662.56,0.45,4.62,0.5,0,0.09,0
TXN_10950,ACC_141,34.49,5,Utilities,Domestic,9,0,0,144,6424.21,0.38,4.21,0.39,0,0.22,0
TXN_10951,ACC_245,402.37,4,Luxury_Goods,Domestic,9,0,0,3059,7945.65,0.15,12.32,0.17,0,0.03,0
TXN_10952,ACC_225,222.56,5,Utilities,Domestic,1,1,0,1413,6723.6,0.31,10.24,0.37,0,0.02,0
TXN_10953,ACC_586,762.34,24,Crypto_Exchange,International_HighRisk,4,1,0,1917,4122.07,0.76,12.1,0.82,6,0.87,1
TXN_10954,ACC_879,37.71,7,Utilities,Domestic,23,1,0,1649,6400.24,0.21,16.03,0.41,0,0.35,0
TXN_10955,ACC_146,3056.99,10,Travel,International_HighRisk,23,1,1,2926,7537.74,0.55,16.24,0.86,2,0.63,1
TXN_10956,ACC_125,98.63,2,Electronics,International_LowRisk,22,0,0,378,7491.61,0.2,10.84,0.48,0,0.19,0
TXN_10957,ACC_733,109.82,8,Utilities,International_LowRisk,18,0,0,106,6028.17,0.45,14.93,0.31,0,0.04,0
TXN_10958,ACC_644,31.56,8,Grocery,Domestic,6,0,1,2215,5686.23,0.37,8.45,0.15,0,0.29,0
TXN_10959,ACC_511,201.66,3,Electronics,Domestic,0,1,0,3551,7843.89,0.23,5.59,0.42,0,0.1,0
TXN_10960,ACC_491,256.72,5,Grocery,Domestic,3,1,0,1076,7268.4,0.3,6.01,0.16,0,0.24,0
TXN_10961,ACC_257,159.62,6,Grocery,Domestic,5,1,1,2951,7791.18,0.33,10.7,0.15,0,0.31,0
TXN_10962,ACC_499,75.14,2,Grocery,Domestic,10,0,1,1011,6538.76,0.32,10.13,0.35,0,0.34,0
TXN_10963,ACC_700,240.11,2,Grocery,Domestic,16,0,0,1333,12010.44,0.27,6.98,0.3,0,0.33,0
TXN_10964,ACC_516,204.56,1,Grocery,Domestic,20,0,1,2430,5888.78,0.19,6.99,0.27,0,0.2,0
TXN_10965,ACC_352,372.77,7,Luxury_Goods,International_LowRisk,4,1,0,3496,7472.37,0.31,10.9,0.18,0,0.13,0
TXN_10966,ACC_308,67.91,4,Luxury_Goods,Domestic,17,0,0,1765,2601.26,0.28,7.23,0.58,0,0.18,0
TXN_10967,ACC_668,48.48,5,Utilities,Domestic,14,0,0,715,9354.61,0.22,8.23,0.48,0,0.19,1
TXN_10968,ACC_593,114.54,6,Grocery,Domestic,21,0,0,901,5661.13,0.17,14.66,0.47,0,0.09,0
TXN_10969,ACC_622,41.51,5,Grocery,Domestic,17,0,0,2890,7755.21,0.4,5.58,0.28,0,0.35,0
TXN_10970,ACC_243,38.6,6,Luxury_Goods,Online_Unverified,13,0,1,1433,5940.99,0.22,15.8,0.14,1,0.2,0
TXN_10971,ACC_870,465.04,6,Luxury_Goods,Domestic,21,0,0,2485,8347.02,0.34,12.24,0.56,0,0.16,0
TXN_10972,ACC_808,557.56,1,Grocery,Online_Unverified,19,0,0,1722,4398.75,0.17,5.42,0.44,0,0.11,0
TXN_10973,ACC_813,15.47,2,Luxury_Goods,International_LowRisk,17,0,1,3438,2677.37,0.43,5.89,0.5,0,0.4,0
TXN_10974,ACC_555,55.2,6,Electronics,Domestic,12,0,0,3467,6685.96,0.34,4.97,0.48,0,0.16,0
TXN_10975,ACC_813,17.18,8,Travel,Domestic,11,0,0,3073,8832.74,0.48,9.83,0.31,0,0.05,1
TXN_10976,ACC_387,68.87,5,Electronics,International_LowRisk,6,0,1,935,7561.95,0.42,6.1,0.54,0,0.05,0
TXN_10977,ACC_605,101.16,4,Travel,Domestic,15,0,0,3393,8863.14,0.48,4.63,0.41,0,0.2,0
TXN_10978,ACC_213,727.41,14,Wire_Transfer,Domestic,15,0,1,3056,11187.31,0.75,13.04,0.66,6,0.67,0
TXN_10979,ACC_798,32.55,2,Electronics,Domestic,18,0,1,2364,5125.97,0.26,7.18,0.18,0,0.34,0
TXN_10980,ACC_635,95.55,5,Luxury_Goods,Domestic,21,0,1,3647,3798.89,0.17,5.78,0.59,0,0.17,0
TXN_10981,ACC_537,21.51,6,Electronics,Online_Unverified,1,1,0,1696,12653.72,0.44,11.02,0.13,0,0.25,0
TXN_10982,ACC_796,37.48,4,Utilities,Domestic,16,0,0,1750,9220.23,0.36,6.63,0.26,0,0.09,0
TXN_10983,ACC_423,29.84,1,Grocery,Domestic,2,1,0,954,5137.24,0.43,5.7,0.11,2,0.39,0
TXN_10984,ACC_533,33.89,5,Travel,Online_Unverified,6,0,1,2591,8435.65,0.42,15.72,0.42,0,0.28,0
TXN_10985,ACC_591,156.29,5,Utilities,Domestic,20,0,0,1969,4956.46,0.44,15.5,0.22,0,0.07,0
TXN_10986,ACC_448,4176.93,10,Crypto_Exchange,International_HighRisk,16,0,0,2567,9719.04,0.55,8.22,0.96,5,0.64,1
TXN_10987,ACC_549,76.75,1,Luxury_Goods,International_LowRisk,18,0,1,1575,3122.99,0.19,13.66,0.35,1,0.03,0
TXN_10988,ACC_968,210.05,8,Electronics,International_LowRisk,1,1,0,2531,4259.91,0.28,5.89,0.28,0,0.07,0
TXN_10989,ACC_167,207.21,7,Grocery,Domestic,1,1,0,2558,7035.69,0.28,5.52,0.2,0,0.29,0
TXN_10990,ACC_338,15424.02,20,Wire_Transfer,International_LowRisk,19,0,1,3286,4852.93,0.68,15.39,0.78,4,0.9,1
TXN_10991,ACC_538,3326.81,29,Wire_Transfer,International_LowRisk,10,0,0,1889,9202.23,0.79,14.84,0.77,1,0.67,1
TXN_10992,ACC_629,284.29,2,Grocery,Domestic,3,1,1,3473,9085.49,0.34,13.26,0.15,0,0.37,0
TXN_10993,ACC_686,184.73,8,Grocery,Domestic,11,0,0,593,5602.91,0.43,9.8,0.18,0,0.25,0
TXN_10994,ACC_161,37.94,6,Grocery,Domestic,16,0,0,2246,6977.11,0.29,10.87,0.11,0,0.14,0
TXN_10995,ACC_250,130.98,1,Utilities,International_LowRisk,9,0,0,2723,6506.3,0.23,16.27,0.52,0,0.27,0
TXN_10996,ACC_158,858.58,21,Grocery,International_HighRisk,17,0,0,830,8959.98,0.59,15.6,0.86,3,0.72,1
TXN_10997,ACC_305,23.15,8,Electronics,Domestic,2,1,0,1944,5020.46,0.38,14.55,0.4,0,0.22,0
TXN_10998,ACC_439,1258.95,21,Wire_Transfer,Domestic,10,0,0,694,3830.78,0.75,12.92,0.84,3,0.92,1
TXN_10999,ACC_207,42.91,1,Utilities,International_LowRisk,1,1,0,2869,6396.95,0.3,5.78,0.53,0,0.23,0
TXN_11000,ACC_738,74.2,7,Grocery,Domestic,10,0,0,784,7506.18,0.45,15.02,0.26,0,0.38,0
TXN_11001,ACC_106,66.73,3,Utilities,Domestic,0,1,0,826,5911.09,0.26,10.07,0.46,0,0.04,0
TXN_11002,ACC_883,195.56,3,Utilities,Online_Unverified,6,0,1,1103,9405.51,0.28,8.59,0.32,0,0.16,0
TXN_11003,ACC_447,3112.52,34,Crypto_Exchange,Domestic,6,0,1,444,4104.07,0.66,7.47,0.77,3,0.92,1
TXN_11004,ACC_121,9982.37,11,Crypto_Exchange,Domestic,20,0,0,891,8274.16,0.71,4.37,0.84,3,0.88,1
TXN_11005,ACC_412,130.51,7,Utilities,Domestic,11,0,0,297,6270.4,0.28,9.83,0.37,1,0.21,0
TXN_11006,ACC_233,21.5,6,Luxury_Goods,Domestic,12,0,0,2635,7633.54,0.34,10.36,0.46,0,0.02,0
TXN_11007,ACC_147,48.43,3,Luxury_Goods,Domestic,17,0,0,248,2908.71,0.22,7.09,0.18,0,0.3,0
TXN_11008,ACC_386,4127.07,14,Wire_Transfer,International_HighRisk,18,0,0,363,5839.82,0.62,4.91,0.92,6,0.85,1
TXN_11009,ACC_903,53.37,7,Utilities,International_LowRisk,2,1,1,2672,6517.57,0.4,4.47,0.4,0,0.39,0
TXN_11010,ACC_483,116.06,8,Utilities,Domestic,10,0,0,2056,6024.63,0.34,9.73,0.58,0,0.37,0
TXN_11011,ACC_695,363.09,4,Utilities,Online_Unverified,18,0,0,861,6128.15,0.31,9.69,0.13,0,0.27,0
TXN_11012,ACC_340,119.71,6,Utilities,Domestic,12,0,0,377,3301.21,0.33,14.38,0.18,0,0.15,0
TXN_11013,ACC_186,145.88,8,Grocery,Domestic,7,0,0,1407,7962.0,0.47,16.1,0.57,0,0.14,0
TXN_11014,ACC_578,279.69,7,Utilities,Domestic,15,0,0,1839,7576.87,0.16,7.08,0.37,0,0.24,0
TXN_11015,ACC_760,88.86,2,Grocery,Online_Unverified,9,0,0,962,7498.19,0.41,5.1,0.38,0,0.26,0
TXN_11016,ACC_173,79.06,6,Utilities,Domestic,10,0,1,3082,3115.46,0.5,7.47,0.45,0,0.3,0
TXN_11017,ACC_799,2913.36,35,Crypto_Exchange,Domestic,19,0,0,3060,7958.13,0.79,6.54,0.8,6,0.73,1
TXN_11018,ACC_656,7732.45,19,Gambling,Domestic,9,0,0,1691,7202.33,0.58,7.93,0.94,4,0.62,1
TXN_11019,ACC_941,101.11,3,Electronics,International_LowRisk,15,0,0,962,5889.62,0.27,6.49,0.12,1,0.38,0
TXN_11020,ACC_867,81.36,8,Grocery,Domestic,18,0,0,1919,8593.82,0.42,10.31,0.56,0,0.16,0
TXN_11021,ACC_187,549.51,8,Grocery,Domestic,22,0,0,2317,4142.15,0.24,15.84,0.13,0,0.19,0
TXN_11022,ACC_242,189.73,6,Electronics,Domestic,23,1,1,1746,6060.66,0.4,15.77,0.4,0,0.11,0
TXN_11023,ACC_870,271.08,1,Utilities,International_LowRisk,17,0,0,161,4512.82,0.35,5.58,0.49,0,0.21,0
TXN_11024,ACC_257,105.48,7,Travel,Online_Unverified,18,0,0,866,6771.85,0.4,4.41,0.11,2,0.11,0
TXN_11025,ACC_165,123.55,8,Utilities,Domestic,3,1,0,1277,6669.04,0.32,14.51,0.58,0,0.22,0
TXN_11026,ACC_206,706.22,1,Electronics,Domestic,22,0,0,314,5072.83,0.47,6.39,0.26,0,0.18,0
TXN_11027,ACC_495,129.68,8,Grocery,Domestic,21,0,0,2153,8278.31,0.27,15.86,0.12,0,0.17,1
TXN_11028,ACC_434,1592.14,12,Wire_Transfer,Domestic,5,1,0,1743,4256.5,0.67,4.88,0.67,5,0.92,1
TXN_11029,ACC_589,341.23,4,Luxury_Goods,Domestic,6,0,1,3380,6996.65,0.44,12.92,0.43,0,0.31,0
TXN_11030,ACC_586,325.29,8,Grocery,Domestic,9,0,0,60,6656.24,0.33,5.59,0.16,0,0.21,0
TXN_11031,ACC_556,122.72,8,Grocery,Domestic,7,0,0,2389,6420.21,0.15,15.88,0.41,0,0.2,0
TXN_11032,ACC_193,2193.56,34,Grocery,International_HighRisk,14,0,0,3275,3691.52,0.69,7.74,0.89,6,0.77,1
TXN_11033,ACC_404,2351.56,13,Utilities,International_HighRisk,5,1,0,3033,5984.76,0.5,6.77,0.97,5,0.68,1
TXN_11034,ACC_542,196.95,2,Utilities,Online_Unverified,5,1,0,208,6360.73,0.32,4.12,0.14,0,0.09,0
TXN_11035,ACC_991,810.01,10,Grocery,International_HighRisk,17,0,0,3005,7372.01,0.82,4.65,0.9,6,0.91,0
TXN_11036,ACC_322,5845.06,19,Gambling,Domestic,17,0,1,3124,8187.68,0.65,6.91,0.91,1,0.93,1
TXN_11037,ACC_207,238.98,5,Utilities,International_LowRisk,13,0,0,212,5115.3,0.2,13.91,0.59,0,0.29,0
TXN_11038,ACC_174,39.83,7,Electronics,International_LowRisk,14,0,0,1654,5181.92,0.16,14.44,0.6,1,0.04,0
TXN_11039,ACC_356,69.56,8,Grocery,Online_Unverified,10,0,0,309,6251.43,0.47,12.37,0.38,0,0.34,0
TXN_11040,ACC_772,278.0,5,Grocery,Online_Unverified,4,1,0,728,6077.23,0.22,14.06,0.4,0,0.19,0
TXN_11041,ACC_721,425.55,3,Grocery,Domestic,17,0,0,3157,6774.7,0.18,5.81,0.35,0,0.11,1
TXN_11042,ACC_379,85.02,4,Grocery,Domestic,6,0,0,225,12336.35,0.35,4.11,0.36,0,0.14,0
TXN_11043,ACC_930,186.76,7,Utilities,International_LowRisk,21,0,0,1848,4967.76,0.17,6.3,0.28,0,0.29,0
TXN_11044,ACC_104,118.23,6,Grocery,Domestic,6,0,0,849,4243.87,0.39,11.0,0.28,1,0.07,0
TXN_11045,ACC_531,73.62,2,Grocery,Domestic,6,0,0,3643,6937.32,0.15,15.5,0.38,0,0.17,0
TXN_11046,ACC_955,1604.77,24,Crypto_Exchange,Domestic,5,1,1,3370,5607.36,0.8,15.77,0.84,1,0.74,1
TXN_11047,ACC_434,176.45,7,Grocery,International_LowRisk,19,0,1,524,5229.18,0.29,6.39,0.43,1,0.04,0
TXN_11048,ACC_208,202.57,1,Utilities,Domestic,12,0,0,1909,6417.41,0.28,14.68,0.25,0,0.19,0
TXN_11049,ACC_773,5338.04,14,Crypto_Exchange,International_LowRisk,11,0,1,1265,6798.91,0.55,10.67,0.69,4,0.71,1
TXN_11050,ACC_885,123.88,3,Electronics,Online_Unverified,3,1,0,418,8041.5,0.33,5.46,0.5,0,0.15,0
TXN_11051,ACC_746,31.58,3,Electronics,International_LowRisk,22,0,1,3650,7220.79,0.26,7.1,0.57,0,0.22,0
TXN_11052,ACC_971,19.44,8,Electronics,Domestic,0,1,0,2653,7508.58,0.22,8.64,0.46,0,0.05,0
TXN_11053,ACC_615,98.59,2,Electronics,Online_Unverified,7,0,1,3052,12371.32,0.29,14.23,0.16,0,0.29,0
TXN_11054,ACC_349,37.6,4,Electronics,Domestic,11,0,0,867,4353.34,0.34,12.74,0.45,0,0.33,0
TXN_11055,ACC_343,2358.7,18,Gambling,Domestic,14,0,0,1169,3704.39,0.66,15.34,0.87,2,0.65,1
TXN_11056,ACC_425,121.22,7,Electronics,International_LowRisk,16,0,0,1211,8905.15,0.41,13.93,0.32,0,0.04,0
TXN_11057,ACC_334,2888.4,9,Crypto_Exchange,Domestic,7,0,1,1047,8138.75,0.61,5.11,0.74,6,0.95,1
TXN_11058,ACC_920,255.29,6,Electronics,International_LowRisk,19,0,0,2609,7347.78,0.23,9.22,0.19,0,0.14,1
TXN_11059,ACC_990,49.71,3,Utilities,Online_Unverified,1,1,0,544,3245.99,0.25,8.33,0.17,1,0.14,0
TXN_11060,ACC_706,179.66,2,Utilities,International_LowRisk,6,0,1,1943,10545.18,0.27,13.31,0.48,0,0.36,0
TXN_11061,ACC_838,34.78,5,Grocery,Domestic,19,0,1,2633,3828.28,0.43,10.94,0.27,0,0.06,0
TXN_11062,ACC_983,104.99,3,Luxury_Goods,Domestic,11,0,0,1761,7948.27,0.45,7.87,0.22,0,0.27,0
TXN_11063,ACC_852,157.15,7,Utilities,Domestic,15,0,1,370,4948.25,0.27,13.88,0.29,0,0.02,0
TXN_11064,ACC_407,44.47,7,Electronics,Domestic,23,1,1,1887,6657.93,0.35,13.26,0.5,0,0.27,0
TXN_11065,ACC_675,145.12,4,Electronics,Domestic,4,1,0,806,9647.47,0.25,8.74,0.5,0,0.15,1
TXN_11066,ACC_982,58.28,7,Utilities,International_LowRisk,15,0,0,3070,7413.38,0.48,10.81,0.51,1,0.19,0
TXN_11067,ACC_601,144.98,1,Grocery,Online_Unverified,2,1,0,539,8215.8,0.23,14.71,0.15,2,0.36,0
TXN_11068,ACC_679,79.36,6,Grocery,International_LowRisk,8,0,0,2031,7607.14,0.23,7.64,0.32,0,0.04,0
TXN_11069,ACC_477,192.55,4,Electronics,International_LowRisk,13,0,0,3360,4889.81,0.3,8.22,0.51,0,0.04,0
TXN_11070,ACC_823,26.28,8,Electronics,International_LowRisk,20,0,1,633,6876.95,0.31,6.8,0.5,1,0.39,0
TXN_11071,ACC_716,340.19,2,Electronics,International_LowRisk,5,1,1,1604,8668.4,0.35,9.96,0.18,0,0.14,0
TXN_11072,ACC_700,640.77,3,Travel,Domestic,6,0,0,1065,6920.61,0.5,9.1,0.14,0,0.27,0
TXN_11073,ACC_612,55.66,7,Travel,International_LowRisk,12,0,0,3010,7012.34,0.18,16.49,0.25,0,0.23,0
TXN_11074,ACC_211,55.57,5,Electronics,International_LowRisk,11,0,0,3094,8886.62,0.21,7.56,0.18,0,0.12,0
TXN_11075,ACC_415,203.91,2,Grocery,Domestic,15,0,1,1741,5805.63,0.23,5.41,0.59,0,0.36,0
TXN_11076,ACC_770,259.85,3,Grocery,Domestic,5,1,0,775,8041.6,0.3,7.59,0.18,0,0.26,0
TXN_11077,ACC_212,5171.87,31,Utilities,International_HighRisk,5,1,1,3344,5950.4,0.47,10.29,0.98,2,0.78,1
TXN_11078,ACC_877,60.56,2,Grocery,Online_Unverified,13,0,0,710,2097.51,0.48,14.06,0.54,1,0.29,0
TXN_11079,ACC_187,243.12,4,Utilities,Domestic,10,0,1,2785,3235.97,0.26,9.84,0.51,0,0.22,0
TXN_11080,ACC_109,55.35,1,Grocery,International_LowRisk,0,1,0,2169,4690.1,0.18,10.59,0.26,0,0.39,0
TXN_11081,ACC_484,22.06,8,Electronics,Online_Unverified,8,0,0,2505,9226.46,0.31,13.24,0.21,0,0.05,0
TXN_11082,ACC_479,81.68,6,Electronics,Domestic,10,0,0,1580,5892.75,0.42,4.65,0.26,0,0.14,0
TXN_11083,ACC_464,545.17,30,Wire_Transfer,International_HighRisk,0,1,0,3000,7363.26,0.5,10.03,0.81,4,0.91,1
TXN_11084,ACC_955,3071.25,24,Wire_Transfer,Domestic,19,0,1,2894,7979.35,0.54,14.14,0.97,3,0.98,1
TXN_11085,ACC_869,1268.96,35,Crypto_Exchange,Domestic,19,0,0,2139,8184.59,0.61,15.3,0.87,4,0.68,1
TXN_11086,ACC_523,35.43,6,Electronics,Domestic,20,0,0,1505,6546.39,0.21,16.1,0.41,0,0.15,0
TXN_11087,ACC_926,310.46,7,Luxury_Goods,International_LowRisk,7,0,0,3282,3838.59,0.18,11.49,0.16,0,0.08,0
TXN_11088,ACC_538,760.53,35,Gambling,Online_Unverified,15,0,0,441,2144.06,0.81,13.77,0.96,6,0.69,1
TXN_11089,ACC_851,17.35,1,Utilities,International_LowRisk,22,0,1,3293,6979.26,0.25,4.9,0.41,0,0.14,0
TXN_11090,ACC_952,302.63,8,Electronics,Domestic,14,0,1,2004,7966.11,0.34,7.79,0.14,2,0.38,0
TXN_11091,ACC_346,74.88,2,Grocery,Domestic,21,0,0,2961,4796.92,0.49,11.75,0.39,0,0.08,0
TXN_11092,ACC_434,1955.49,29,Gambling,International_LowRisk,7,0,0,2776,6512.55,0.53,6.39,0.79,4,0.93,1
TXN_11093,ACC_226,190.72,2,Electronics,Online_Unverified,20,0,0,1393,5735.1,0.22,15.79,0.48,0,0.11,0
TXN_11094,ACC_689,337.12,7,Luxury_Goods,International_LowRisk,20,0,0,3245,2548.07,0.2,10.37,0.28,0,0.09,0
TXN_11095,ACC_976,89.07,2,Utilities,Domestic,8,0,1,1423,8427.81,0.28,14.08,0.57,0,0.36,0
TXN_11096,ACC_292,15.44,6,Luxury_Goods,Domestic,11,0,1,2393,6459.8,0.23,6.49,0.31,2,0.13,0
TXN_11097,ACC_418,19.62,6,Grocery,Domestic,12,0,0,3296,7875.87,0.17,14.64,0.23,0,0.26,0
TXN_11098,ACC_915,94.18,7,Grocery,International_LowRisk,18,0,1,3521,5274.03,0.22,6.69,0.59,0,0.17,0
TXN_11099,ACC_248,1707.93,22,Crypto_Exchange,Domestic,7,0,0,2493,3800.45,0.81,15.68,0.78,2,0.67,1
TXN_11100,ACC_390,20.96,6,Grocery,International_LowRisk,22,0,1,2850,10036.34,0.37,4.49,0.38,0,0.09,0
TXN_11101,ACC_968,76.91,7,Luxury_Goods,Domestic,6,0,0,3348,5242.69,0.37,9.34,0.45,0,0.26,0
TXN_11102,ACC_947,982.41,9,Luxury_Goods,International_HighRisk,7,0,0,3539,5944.97,0.58,13.58,0.81,2,0.97,1
TXN_11103,ACC_599,97.69,3,Luxury_Goods,Domestic,21,0,0,2274,5846.65,0.45,11.08,0.51,2,0.13,0
TXN_11104,ACC_532,187.91,5,Electronics,Online_Unverified,12,0,0,829,6749.5,0.46,4.25,0.21,0,0.06,0
TXN_11105,ACC_661,182.67,1,Utilities,Domestic,18,0,0,2936,5535.37,0.15,10.76,0.32,0,0.19,0
TXN_11106,ACC_770,150.72,3,Grocery,Domestic,22,0,0,3324,8697.97,0.34,9.0,0.58,0,0.28,0
TXN_11107,ACC_852,383.72,3,Electronics,Domestic,18,0,1,1779,5677.95,0.19,12.26,0.25,0,0.26,0
TXN_11108,ACC_272,2727.47,9,Gambling,Domestic,15,0,1,2141,8543.25,0.47,9.17,0.85,1,0.68,1
TXN_11109,ACC_765,109.92,7,Grocery,Domestic,4,1,0,516,6830.81,0.44,15.69,0.47,0,0.18,0
TXN_11110,ACC_600,231.19,7,Grocery,Domestic,5,1,0,3287,3735.96,0.3,9.88,0.25,0,0.34,0
TXN_11111,ACC_191,1099.3,28,Luxury_Goods,International_HighRisk,20,0,0,1853,6045.79,0.55,15.61,0.96,6,0.61,1
TXN_11112,ACC_476,119.02,4,Grocery,Domestic,3,1,0,2376,6216.48,0.27,11.77,0.56,0,0.27,0
TXN_11113,ACC_591,19.75,8,Grocery,International_LowRisk,18,0,1,2908,4020.88,0.42,10.67,0.52,2,0.08,0
TXN_11114,ACC_685,15.03,3,Grocery,Domestic,22,0,0,2900,3494.26,0.24,14.07,0.2,0,0.1,1
TXN_11115,ACC_669,1648.18,24,Crypto_Exchange,International_LowRisk,16,0,0,2237,6141.5,0.8,8.46,0.82,5,0.67,1
TXN_11116,ACC_830,5319.31,11,Crypto_Exchange,International_LowRisk,6,0,0,3560,6279.99,0.83,13.91,0.92,2,0.81,1
TXN_11117,ACC_713,126.1,2,Electronics,Domestic,14,0,0,2385,4388.72,0.49,12.33,0.12,0,0.2,0
TXN_11118,ACC_265,55.14,2,Grocery,Domestic,1,1,1,1519,5792.63,0.31,14.45,0.39,0,0.24,0
TXN_11119,ACC_275,51.94,1,Utilities,Online_Unverified,0,1,1,2157,5516.09,0.38,12.08,0.37,1,0.18,0
TXN_11120,ACC_400,34.59,6,Electronics,Domestic,18,0,0,1472,9156.11,0.41,4.25,0.29,0,0.37,0
TXN_11121,ACC_622,42.56,4,Grocery,Domestic,1,1,1,3536,6441.57,0.33,10.13,0.54,0,0.2,0
TXN_11122,ACC_237,30.31,7,Electronics,Domestic,11,0,1,1074,8050.23,0.46,15.39,0.22,0,0.32,0
TXN_11123,ACC_765,10545.56,29,Gambling,Domestic,2,1,0,2874,7046.24,0.76,4.43,0.87,4,0.8,1
TXN_11124,ACC_246,97.59,4,Utilities,Domestic,23,1,1,2338,4503.58,0.28,9.41,0.19,0,0.07,0
TXN_11125,ACC_940,132.12,7,Utilities,Domestic,4,1,0,2502,10300.54,0.21,10.96,0.35,0,0.04,0
TXN_11126,ACC_376,175.86,6,Grocery,Domestic,17,0,0,1516,8546.11,0.3,10.05,0.48,0,0.14,0
TXN_11127,ACC_896,4155.45,11,Grocery,International_HighRisk,7,0,1,940,5393.65,0.7,5.14,0.87,4,0.61,1
TXN_11128,ACC_487,323.02,5,Travel,International_LowRisk,3,1,1,3334,5992.1,0.27,11.41,0.16,0,0.28,0
TXN_11129,ACC_641,231.63,2,Grocery,Domestic,9,0,0,729,6726.79,0.46,7.27,0.22,1,0.03,0
TXN_11130,ACC_869,23.32,7,Utilities,Domestic,23,1,0,552,7417.99,0.46,9.2,0.22,0,0.02,0
TXN_11131,ACC_803,167.9,5,Utilities,Domestic,4,1,1,3001,8297.34,0.22,14.05,0.3,0,0.37,0
TXN_11132,ACC_479,23.17,8,Luxury_Goods,Domestic,19,0,0,1479,6575.39,0.47,5.53,0.39,0,0.28,0
TXN_11133,ACC_614,106.64,4,Grocery,Online_Unverified,16,0,0,3544,6163.23,0.32,8.06,0.31,0,0.35,0
TXN_11134,ACC_412,363.32,2,Utilities,Domestic,2,1,0,413,5847.98,0.38,6.03,0.33,0,0.12,0
TXN_11135,ACC_158,94.97,1,Grocery,Domestic,15,0,0,1766,4878.21,0.37,15.82,0.53,2,0.3,0
TXN_11136,ACC_848,32.07,2,Grocery,Domestic,21,0,0,2554,7233.63,0.48,13.0,0.23,0,0.31,0
TXN_11137,ACC_951,183.2,6,Luxury_Goods,International_LowRisk,22,0,0,3056,5820.48,0.37,16.03,0.32,0,0.1,0
TXN_11138,ACC_943,280.11,8,Travel,Online_Unverified,21,0,0,2792,6963.21,0.33,9.77,0.51,2,0.12,0
TXN_11139,ACC_882,60.3,3,Utilities,Domestic,2,1,0,238,9395.59,0.29,12.89,0.46,0,0.24,0
TXN_11140,ACC_488,21.4,4,Grocery,Online_Unverified,10,0,0,3514,8377.28,0.24,7.02,0.33,0,0.35,0
TXN_11141,ACC_220,94.17,7,Grocery,Domestic,8,0,1,1278,6390.44,0.41,16.4,0.29,0,0.36,0
TXN_11142,ACC_758,5650.53,35,Utilities,International_HighRisk,14,0,0,265,4655.17,0.54,9.12,0.82,4,0.68,1
TXN_11143,ACC_464,196.74,1,Grocery,Domestic,9,0,0,2989,3039.47,0.47,10.27,0.21,0,0.31,0
TXN_11144,ACC_463,126.49,3,Grocery,Domestic,6,0,1,2026,9167.77,0.33,6.21,0.34,0,0.23,1
TXN_11145,ACC_887,216.03,6,Electronics,Domestic,12,0,0,776,4597.63,0.42,10.48,0.17,0,0.22,0
TXN_11146,ACC_375,29.34,6,Grocery,Domestic,14,0,1,53,5816.36,0.24,9.08,0.19,0,0.37,0
TXN_11147,ACC_991,72.98,7,Luxury_Goods,Domestic,9,0,1,1386,6636.74,0.21,5.84,0.33,0,0.32,0
TXN_11148,ACC_264,128.5,2,Electronics,Online_Unverified,21,0,0,2283,3007.07,0.48,15.4,0.46,0,0.23,0
TXN_11149,ACC_798,365.42,7,Luxury_Goods,Domestic,12,0,0,471,6290.06,0.26,4.12,0.17,0,0.11,0
TXN_11150,ACC_229,85.09,6,Grocery,Domestic,21,0,1,2475,7725.58,0.27,9.92,0.37,0,0.03,0
TXN_11151,ACC_544,128.97,4,Utilities,Domestic,2,1,0,3017,6674.03,0.3,7.56,0.43,0,0.35,0
TXN_11152,ACC_355,20.78,4,Grocery,Domestic,8,0,0,1787,4427.71,0.21,14.16,0.53,0,0.27,0
TXN_11153,ACC_823,245.4,3,Luxury_Goods,Domestic,23,1,0,3531,7611.88,0.47,4.63,0.23,0,0.37,0
TXN_11154,ACC_749,20.38,4,Grocery,Domestic,12,0,1,1776,2690.11,0.24,6.38,0.32,1,0.29,1
TXN_11155,ACC_304,148.02,4,Grocery,Domestic,13,0,0,1775,5604.08,0.18,10.06,0.5,0,0.01,0
TXN_11156,ACC_622,67.62,5,Utilities,Domestic,3,1,1,2944,4070.39,0.37,4.29,0.58,1,0.14,0
TXN_11157,ACC_427,2468.5,31,Wire_Transfer,Domestic,0,1,1,898,7658.69,0.49,11.13,0.75,3,0.94,1
TXN_11158,ACC_392,21.61,5,Utilities,Online_Unverified,3,1,0,1519,9324.05,0.22,10.3,0.41,1,0.06,0
TXN_11159,ACC_214,109.46,3,Grocery,Domestic,17,0,0,3066,5732.25,0.44,5.33,0.57,0,0.12,0
TXN_11160,ACC_860,96.46,5,Luxury_Goods,Domestic,11,0,1,1603,6904.56,0.21,10.09,0.59,0,0.07,0
TXN_11161,ACC_208,69.33,4,Grocery,International_LowRisk,3,1,1,1855,7640.84,0.3,4.51,0.16,0,0.26,0
TXN_11162,ACC_176,9075.86,32,Gambling,International_LowRisk,9,0,0,2215,5837.14,0.77,4.39,0.75,2,0.92,1
TXN_11163,ACC_838,423.86,5,Grocery,Domestic,13,0,0,3140,6714.42,0.28,9.53,0.25,1,0.22,0
TXN_11164,ACC_673,10910.01,11,Travel,International_HighRisk,14,0,0,307,5862.31,0.64,12.79,0.83,4,0.7,1
TXN_11165,ACC_594,23.45,3,Utilities,Online_Unverified,16,0,0,2883,7116.02,0.41,6.69,0.21,0,0.09,0
TXN_11166,ACC_396,252.33,7,Grocery,Domestic,22,0,1,2210,3894.31,0.27,6.93,0.36,0,0.38,0
TXN_11167,ACC_176,21.13,7,Grocery,International_LowRisk,12,0,0,1142,6223.84,0.34,12.67,0.43,0,0.11,0
TXN_11168,ACC_103,95.64,8,Grocery,Domestic,22,0,1,2981,7682.27,0.31,9.88,0.23,0,0.21,0
TXN_11169,ACC_410,4792.27,13,Wire_Transfer,Domestic,8,0,0,216,12696.6,0.47,6.11,0.76,2,0.97,1
TXN_11170,ACC_646,186.49,5,Grocery,Domestic,4,1,0,1137,5983.65,0.22,14.94,0.57,1,0.39,0
TXN_11171,ACC_152,161.29,1,Electronics,Domestic,6,0,0,2621,1891.58,0.45,10.17,0.37,0,0.19,0
TXN_11172,ACC_477,118.85,3,Grocery,Online_Unverified,17,0,1,2534,5777.98,0.39,11.92,0.55,0,0.08,0
TXN_11173,ACC_158,27.58,5,Electronics,Domestic,11,0,1,94,1629.38,0.18,11.36,0.16,0,0.25,0
TXN_11174,ACC_988,26.21,7,Luxury_Goods,International_LowRisk,3,1,0,1084,7868.33,0.5,11.01,0.19,1,0.18,0
TXN_11175,ACC_749,154.55,5,Electronics,Domestic,14,0,1,2609,5306.21,0.49,12.12,0.15,0,0.14,0
TXN_11176,ACC_870,18.0,6,Utilities,Domestic,23,1,0,1992,3151.06,0.25,4.77,0.37,0,0.33,0
TXN_11177,ACC_285,1120.66,23,Utilities,International_HighRisk,5,1,1,768,6868.62,0.55,11.16,0.88,6,0.95,1
TXN_11178,ACC_763,77.21,4,Grocery,Domestic,5,1,0,325,5659.94,0.38,16.13,0.21,0,0.15,0
TXN_11179,ACC_565,1176.34,12,Gambling,Online_Unverified,3,1,0,3103,7941.99,0.63,10.07,0.79,6,0.83,1
TXN_11180,ACC_927,109.08,1,Grocery,Domestic,12,0,1,2669,5409.63,0.18,12.93,0.19,0,0.13,0
TXN_11181,ACC_235,41.21,1,Grocery,Domestic,4,1,0,68,2052.85,0.3,5.26,0.3,0,0.28,0
TXN_11182,ACC_208,1796.86,12,Utilities,International_HighRisk,22,0,1,3141,5463.86,0.56,9.75,0.87,4,0.86,1
TXN_11183,ACC_676,1252.45,12,Wire_Transfer,International_HighRisk,9,0,0,258,5185.73,0.81,7.5,0.66,2,0.68,1
TXN_11184,ACC_656,31.35,1,Electronics,International_LowRisk,3,1,1,1245,5104.56,0.2,12.06,0.14,0,0.26,0
TXN_11185,ACC_956,64.8,7,Utilities,Domestic,7,0,1,1477,4865.18,0.24,10.71,0.38,0,0.29,0
TXN_11186,ACC_331,2511.59,34,Gambling,International_LowRisk,21,0,0,2044,7142.58,0.8,16.49,0.85,1,0.7,1
TXN_11187,ACC_273,127.31,6,Travel,Domestic,9,0,0,377,1967.9,0.24,15.42,0.21,0,0.17,0
TXN_11188,ACC_719,70.12,7,Grocery,Domestic,10,0,0,2763,5798.44,0.44,12.13,0.29,0,0.16,0
TXN_11189,ACC_739,3833.24,23,Crypto_Exchange,Domestic,3,1,1,1541,6575.08,0.47,8.98,0.92,6,0.73,1
TXN_11190,ACC_371,2906.24,35,Crypto_Exchange,International_LowRisk,2,1,0,3215,8683.61,0.8,9.58,0.65,2,0.86,1
TXN_11191,ACC_771,65.4,8,Grocery,Domestic,14,0,0,493,9842.7,0.32,9.26,0.32,0,0.06,0
TXN_11192,ACC_844,405.6,7,Grocery,Domestic,4,1,1,2054,4697.25,0.19,8.97,0.5,0,0.24,0
TXN_11193,ACC_810,64.29,4,Travel,International_LowRisk,20,0,0,2280,7791.78,0.18,10.79,0.53,0,0.23,0
TXN_11194,ACC_646,229.69,7,Utilities,Domestic,7,0,0,3210,4301.91,0.34,15.83,0.16,0,0.06,0
TXN_11195,ACC_866,79.34,1,Grocery,Domestic,11,0,1,1971,8861.98,0.48,7.57,0.4,0,0.14,0
TXN_11196,ACC_212,47.81,3,Grocery,Domestic,4,1,0,2288,7306.55,0.28,10.32,0.13,0,0.32,0
TXN_11197,ACC_531,3376.21,11,Grocery,International_HighRisk,1,1,0,2913,8989.13,0.7,12.01,0.77,6,0.88,1
TXN_11198,ACC_246,51.04,2,Utilities,Domestic,13,0,0,332,10963.0,0.23,10.25,0.16,0,0.04,0
TXN_11199,ACC_708,6923.73,15,Wire_Transfer,Domestic,11,0,1,81,3166.47,0.59,6.4,0.91,1,0.87,1
TXN_11200,ACC_682,721.1,12,Crypto_Exchange,Domestic,5,1,0,2190,3510.49,0.52,4.58,0.98,6,0.83,0
TXN_11201,ACC_406,196.44,1,Utilities,International_LowRisk,14,0,0,668,6253.73,0.4,12.27,0.51,0,0.11,0
TXN_11202,ACC_757,90.03,7,Grocery,International_LowRisk,16,0,1,2814,7705.16,0.22,10.35,0.32,0,0.26,0
TXN_11203,ACC_565,3132.05,30,Electronics,International_HighRisk,18,0,0,1765,7175.91,0.72,10.25,0.89,2,0.92,1
TXN_11204,ACC_260,284.43,3,Grocery,Domestic,12,0,0,1670,5315.52,0.44,4.47,0.13,0,0.37,0
TXN_11205,ACC_324,2101.44,10,Utilities,International_HighRisk,17,0,0,1948,9806.62,0.75,15.46,0.7,6,0.81,1
TXN_11206,ACC_588,161.7,6,Grocery,International_LowRisk,12,0,1,827,7746.17,0.15,5.5,0.3,0,0.27,0
TXN_11207,ACC_206,106.77,5,Grocery,International_LowRisk,10,0,1,466,4905.77,0.41,6.4,0.31,0,0.27,0
TXN_11208,ACC_711,234.91,1,Grocery,Online_Unverified,6,0,0,378,6581.85,0.19,16.38,0.55,0,0.29,0
TXN_11209,ACC_678,43.2,6,Grocery,Online_Unverified,15,0,1,1294,4503.39,0.25,11.25,0.6,0,0.01,1
TXN_11210,ACC_465,296.25,7,Luxury_Goods,Online_Unverified,16,0,1,560,7537.59,0.22,11.81,0.44,0,0.13,0
TXN_11211,ACC_199,1935.53,33,Grocery,International_HighRisk,16,0,1,127,6071.7,0.52,7.07,0.75,2,0.68,1
TXN_11212,ACC_701,86.39,3,Luxury_Goods,Domestic,1,1,0,352,8174.31,0.49,9.48,0.47,0,0.14,0
TXN_11213,ACC_195,251.82,3,Travel,Domestic,6,0,0,689,10857.12,0.39,15.12,0.18,0,0.23,0
TXN_11214,ACC_613,84.67,6,Utilities,International_LowRisk,20,0,0,567,6888.67,0.32,11.54,0.48,0,0.36,0
TXN_11215,ACC_468,62.27,7,Electronics,Online_Unverified,1,1,0,2530,8643.03,0.17,4.7,0.43,0,0.39,0
TXN_11216,ACC_256,17.9,3,Electronics,Online_Unverified,3,1,0,1297,3486.93,0.3,7.28,0.27,0,0.19,0
TXN_11217,ACC_916,36.6,3,Luxury_Goods,Domestic,3,1,0,691,8225.09,0.22,4.9,0.36,1,0.28,0
TXN_11218,ACC_690,34.14,8,Utilities,Domestic,5,1,0,1968,3110.05,0.41,13.42,0.51,0,0.04,0
TXN_11219,ACC_881,4909.75,26,Wire_Transfer,International_LowRisk,4,1,0,192,6719.14,0.71,13.72,0.81,4,0.86,1
TXN_11220,ACC_472,2928.52,12,Wire_Transfer,Domestic,19,0,0,1532,5667.12,0.71,12.66,0.74,4,0.74,1
TXN_11221,ACC_624,7666.92,21,Crypto_Exchange,Online_Unverified,11,0,1,1873,6649.02,0.67,10.47,0.9,5,0.73,1
TXN_11222,ACC_369,3518.61,28,Wire_Transfer,Online_Unverified,1,1,0,3065,8551.26,0.48,4.67,0.97,1,0.89,1
TXN_11223,ACC_909,10206.88,11,Grocery,International_HighRisk,0,1,1,1569,6860.14,0.64,13.34,0.85,3,0.81,1
TXN_11224,ACC_262,1807.37,22,Electronics,International_HighRisk,7,0,0,412,5954.13,0.48,15.01,0.93,6,0.72,1
TXN_11225,ACC_457,50.59,3,Utilities,International_LowRisk,14,0,1,1655,9914.66,0.39,8.3,0.57,0,0.24,0
TXN_11226,ACC_304,53.96,8,Utilities,Domestic,10,0,0,3066,4958.36,0.38,8.44,0.48,0,0.4,0
TXN_11227,ACC_385,21.05,4,Utilities,Domestic,15,0,1,158,8942.59,0.42,4.42,0.38,0,0.02,0
TXN_11228,ACC_892,69.83,8,Utilities,Online_Unverified,11,0,0,896,6767.92,0.18,15.93,0.32,0,0.1,0
TXN_11229,ACC_876,45.32,3,Electronics,Domestic,20,0,1,1689,7990.72,0.49,4.07,0.31,0,0.37,0
TXN_11230,ACC_994,5327.46,16,Luxury_Goods,International_HighRisk,16,0,1,3431,6687.05,0.49,9.31,0.7,2,0.95,1
TXN_11231,ACC_155,340.59,5,Grocery,Online_Unverified,10,0,0,1460,6966.09,0.2,15.43,0.36,0,0.22,0
TXN_11232,ACC_593,43.08,7,Utilities,International_LowRisk,5,1,0,2868,5063.87,0.36,6.05,0.14,0,0.27,0
TXN_11233,ACC_942,174.8,3,Grocery,International_LowRisk,19,0,1,3403,7568.42,0.36,7.78,0.33,0,0.13,0
TXN_11234,ACC_860,4300.34,22,Crypto_Exchange,International_LowRisk,0,1,1,2075,5046.52,0.5,9.32,0.88,2,0.66,1
TXN_11235,ACC_985,49.08,1,Grocery,International_LowRisk,21,0,0,3439,6271.06,0.46,11.67,0.23,2,0.3,0
TXN_11236,ACC_749,26.02,4,Utilities,Online_Unverified,3,1,1,2266,6795.51,0.38,11.81,0.46,0,0.16,0
TXN_11237,ACC_715,54.84,1,Utilities,Domestic,6,0,0,1520,10237.21,0.4,7.11,0.15,0,0.16,1
TXN_11238,ACC_414,1872.74,22,Utilities,International_HighRisk,22,0,0,1710,6569.62,0.59,14.04,0.66,4,0.73,1
TXN_11239,ACC_460,288.11,6,Utilities,Domestic,16,0,0,750,6466.86,0.16,8.27,0.33,0,0.21,0
TXN_11240,ACC_482,324.59,5,Grocery,Domestic,17,0,0,2850,7866.65,0.34,6.74,0.39,0,0.02,0
TXN_11241,ACC_749,82.22,2,Grocery,International_LowRisk,3,1,0,97,4953.94,0.15,4.47,0.46,0,0.26,0
TXN_11242,ACC_521,30.76,2,Grocery,International_LowRisk,19,0,0,2091,4758.54,0.19,5.34,0.26,0,0.39,0
TXN_11243,ACC_133,4948.64,22,Electronics,International_HighRisk,6,0,1,1590,6182.92,0.46,6.87,0.73,5,0.93,1
TXN_11244,ACC_217,102.07,8,Grocery,Domestic,3,1,0,3390,4663.96,0.47,11.09,0.57,0,0.11,0
TXN_11245,ACC_903,67.51,5,Luxury_Goods,Domestic,11,0,0,2727,8771.9,0.4,15.8,0.31,0,0.16,0
TXN_11246,ACC_958,1932.87,21,Gambling,Online_Unverified,21,0,1,93,6192.0,0.53,9.17,0.68,1,0.82,1
TXN_11247,ACC_126,42.71,6,Grocery,Domestic,16,0,0,2373,9682.8,0.31,8.79,0.18,0,0.35,0
TXN_11248,ACC_347,259.0,1,Electronics,Domestic,19,0,0,2396,8253.43,0.17,9.81,0.32,0,0.23,0
TXN_11249,ACC_751,221.27,3,Utilities,International_LowRisk,12,0,0,437,8666.0,0.32,13.88,0.52,0,0.25,0
TXN_11250,ACC_229,57.08,5,Utilities,International_LowRisk,12,0,0,681,4347.24,0.29,6.89,0.31,0,0.2,0
TXN_11251,ACC_308,32.59,3,Grocery,Domestic,0,1,0,2928,5395.48,0.22,8.47,0.13,0,0.09,0
TXN_11252,ACC_180,16.02,8,Electronics,Domestic,23,1,1,3215,4305.71,0.48,15.15,0.12,0,0.34,0
TXN_11253,ACC_345,107.02,4,Electronics,Domestic,6,0,0,3335,5701.07,0.29,4.68,0.43,0,0.22,0
TXN_11254,ACC_888,88.33,1,Grocery,Domestic,2,1,0,2403,6758.37,0.19,14.28,0.54,0,0.22,0
TXN_11255,ACC_213,43.29,5,Utilities,Domestic,3,1,1,410,6524.45,0.29,14.02,0.26,1,0.16,0
TXN_11256,ACC_964,2538.97,33,Utilities,International_HighRisk,12,0,1,1724,4106.67,0.73,10.13,0.93,1,0.79,1
TXN_11257,ACC_175,50.76,7,Utilities,International_LowRisk,6,0,0,2625,8158.65,0.23,4.55,0.39,1,0.36,0
TXN_11258,ACC_927,595.79,1,Grocery,Domestic,5,1,0,1434,5236.7,0.29,10.15,0.5,0,0.06,0
TXN_11259,ACC_595,270.08,5,Travel,Domestic,0,1,1,819,4988.1,0.17,5.42,0.37,1,0.17,0
TXN_11260,ACC_648,78.51,6,Grocery,Domestic,4,1,1,918,7220.88,0.21,4.99,0.46,0,0.26,0
TXN_11261,ACC_241,353.41,8,Grocery,International_LowRisk,4,1,1,406,5290.19,0.45,14.27,0.53,0,0.11,0
TXN_11262,ACC_664,190.97,7,Electronics,Domestic,15,0,0,1054,7495.58,0.24,5.52,0.27,1,0.24,0
TXN_11263,ACC_803,2994.99,33,Crypto_Exchange,International_LowRisk,12,0,1,1306,9279.53,0.64,15.27,0.77,5,0.83,1
TXN_11264,ACC_269,36.48,8,Luxury_Goods,Online_Unverified,15,0,0,3090,3809.58,0.37,13.11,0.17,0,0.16,0
TXN_11265,ACC_426,337.44,6,Electronics,International_LowRisk,13,0,1,2621,5299.23,0.17,15.17,0.58,0,0.12,0
TXN_11266,ACC_560,105.55,7,Grocery,Domestic,16,0,1,3416,6779.31,0.2,4.48,0.52,0,0.27,0
TXN_11267,ACC_643,268.32,7,Utilities,Domestic,5,1,0,1495,5693.42,0.31,7.44,0.16,0,0.13,0
TXN_11268,ACC_320,19.0,6,Electronics,Domestic,10,0,1,2966,6669.05,0.49,11.96,0.55,0,0.17,0
TXN_11269,ACC_576,36.16,7,Electronics,Domestic,7,0,0,899,6726.91,0.2,13.15,0.36,0,0.36,0
TXN_11270,ACC_205,163.21,7,Electronics,International_LowRisk,21,0,1,1812,6871.68,0.39,6.75,0.21,0,0.09,0
TXN_11271,ACC_427,84.29,5,Grocery,Domestic,15,0,0,538,7511.12,0.31,12.18,0.49,0,0.31,0
TXN_11272,ACC_715,46.12,1,Grocery,Domestic,18,0,1,3536,7372.47,0.19,7.41,0.26,0,0.12,0
TXN_11273,ACC_104,1322.9,25,Gambling,Domestic,12,0,1,190,8417.63,0.49,5.2,0.95,5,0.78,1
TXN_11274,ACC_445,322.01,7,Electronics,Domestic,3,1,0,1155,8755.37,0.41,7.22,0.28,0,0.23,0
TXN_11275,ACC_454,156.91,1,Utilities,Domestic,10,0,0,2882,4020.82,0.31,12.46,0.52,0,0.03,0
TXN_11276,ACC_605,5678.12,27,Crypto_Exchange,Online_Unverified,3,1,0,149,7715.68,0.63,15.18,0.85,1,0.78,1
TXN_11277,ACC_329,97.67,7,Grocery,Domestic,3,1,0,390,5516.88,0.29,14.33,0.5,0,0.34,0
TXN_11278,ACC_931,46.0,1,Utilities,Online_Unverified,0,1,0,3245,3674.55,0.27,12.03,0.5,0,0.21,0
TXN_11279,ACC_149,1486.56,33,Gambling,Domestic,10,0,0,1135,7881.82,0.49,8.33,0.91,4,0.64,1
TXN_11280,ACC_815,448.63,6,Grocery,Domestic,14,0,1,3114,5610.39,0.16,12.81,0.23,1,0.39,0
TXN_11281,ACC_970,86.96,4,Travel,Domestic,14,0,0,2738,6212.68,0.16,16.0,0.45,0,0.05,0
TXN_11282,ACC_387,156.78,5,Grocery,International_LowRisk,7,0,1,1475,6169.84,0.27,6.93,0.3,0,0.32,0
TXN_11283,ACC_993,93.62,2,Grocery,International_LowRisk,6,0,0,276,2345.76,0.24,9.61,0.42,2,0.23,0
TXN_11284,ACC_786,3459.31,18,Grocery,International_HighRisk,6,0,0,3364,6029.45,0.74,12.57,0.79,2,0.77,1
TXN_11285,ACC_704,229.97,5,Luxury_Goods,Domestic,10,0,0,2714,6007.33,0.35,7.92,0.4,0,0.11,0
TXN_11286,ACC_616,33.36,8,Grocery,Domestic,11,0,0,2133,1897.06,0.39,12.26,0.15,1,0.09,0
TXN_11287,ACC_509,375.95,2,Grocery,Domestic,5,1,0,3618,6156.65,0.46,11.32,0.13,0,0.29,0
TXN_11288,ACC_212,13565.4,23,Grocery,International_HighRisk,5,1,1,2204,8696.97,0.48,6.39,0.95,6,0.81,1
TXN_11289,ACC_563,84.74,7,Utilities,Domestic,17,0,1,1655,5469.66,0.5,14.01,0.51,0,0.24,0
TXN_11290,ACC_620,126.28,7,Grocery,Domestic,11,0,1,1760,6246.96,0.41,13.63,0.35,0,0.09,0
TXN_11291,ACC_293,98.09,7,Utilities,Domestic,16,0,0,234,3319.72,0.38,13.14,0.59,0,0.13,0
TXN_11292,ACC_213,48.28,4,Grocery,Domestic,1,1,0,443,5170.7,0.25,11.86,0.36,0,0.08,0
TXN_11293,ACC_735,30.06,5,Electronics,Domestic,12,0,1,730,5768.65,0.15,13.73,0.24,0,0.27,0
TXN_11294,ACC_455,127.55,2,Electronics,International_LowRisk,9,0,0,2899,7508.54,0.39,4.79,0.29,0,0.39,0
TXN_11295,ACC_856,75.55,2,Grocery,Online_Unverified,7,0,1,1390,7229.12,0.25,12.06,0.37,0,0.39,0
TXN_11296,ACC_245,71.2,3,Travel,International_LowRisk,13,0,0,3639,5139.65,0.26,15.51,0.11,2,0.38,0
TXN_11297,ACC_795,61.44,1,Luxury_Goods,Domestic,11,0,0,1043,5398.83,0.44,12.9,0.37,0,0.11,0
TXN_11298,ACC_146,2201.23,24,Crypto_Exchange,Domestic,9,0,0,715,7519.38,0.84,5.58,0.91,5,0.76,1
TXN_11299,ACC_873,80.5,6,Grocery,Domestic,9,0,0,3039,6770.38,0.28,9.45,0.29,0,0.2,0
TXN_11300,ACC_658,41.0,6,Grocery,Domestic,11,0,0,1396,5847.53,0.32,7.73,0.5,0,0.33,0
TXN_11301,ACC_893,4057.29,16,Electronics,International_HighRisk,19,0,0,2157,4967.91,0.74,7.01,0.73,6,0.71,1
TXN_11302,ACC_845,345.1,3,Electronics,Domestic,13,0,0,156,5577.47,0.46,8.94,0.28,0,0.21,0
TXN_11303,ACC_858,63.96,4,Electronics,Domestic,6,0,0,1577,4136.04,0.26,11.21,0.29,1,0.09,0
TXN_11304,ACC_380,738.57,24,Wire_Transfer,International_LowRisk,14,0,0,1116,8491.95,0.82,8.72,0.78,2,0.67,1
TXN_11305,ACC_795,145.9,5,Grocery,Domestic,18,0,0,198,4800.56,0.17,6.18,0.16,0,0.11,0
TXN_11306,ACC_818,186.63,6,Grocery,International_LowRisk,13,0,0,64,5534.03,0.28,10.33,0.38,0,0.02,0
TXN_11307,ACC_801,114.29,3,Grocery,International_LowRisk,16,0,0,1210,6011.94,0.41,5.22,0.25,0,0.13,0
TXN_11308,ACC_401,288.69,2,Grocery,Domestic,9,0,0,1282,7089.44,0.28,5.57,0.38,0,0.15,1
TXN_11309,ACC_460,121.8,5,Electronics,Domestic,8,0,1,2086,7304.54,0.31,5.21,0.2,0,0.21,0
TXN_11310,ACC_887,110.29,4,Electronics,Online_Unverified,22,0,1,360,9141.99,0.37,5.91,0.5,0,0.28,0
TXN_11311,ACC_132,163.62,7,Utilities,Domestic,21,0,0,431,8954.55,0.29,6.7,0.11,0,0.27,0
TXN_11312,ACC_409,122.25,6,Electronics,Domestic,13,0,0,600,4079.68,0.47,16.23,0.5,0,0.37,0
TXN_11313,ACC_304,16.29,2,Grocery,Domestic,6,0,0,2603,9037.17,0.45,5.07,0.31,0,0.25,0
TXN_11314,ACC_287,1209.37,24,Utilities,International_HighRisk,13,0,1,2873,7482.83,0.78,4.17,0.66,4,0.9,1
TXN_11315,ACC_420,143.44,7,Utilities,International_LowRisk,11,0,0,1710,4976.82,0.39,4.87,0.41,0,0.15,0
TXN_11316,ACC_672,121.68,5,Grocery,International_LowRisk,2,1,0,2407,5887.97,0.33,9.28,0.47,0,0.21,0
TXN_11317,ACC_230,2276.75,35,Electronics,International_HighRisk,9,0,1,545,5762.76,0.84,11.35,0.76,4,0.61,1
TXN_11318,ACC_512,240.51,1,Electronics,Domestic,16,0,0,1136,8114.09,0.18,10.38,0.11,0,0.18,0
TXN_11319,ACC_765,433.57,6,Grocery,Domestic,9,0,0,527,7657.86,0.22,11.72,0.14,1,0.28,0
TXN_11320,ACC_790,139.08,3,Utilities,International_LowRisk,22,0,1,2058,7420.08,0.43,7.24,0.51,0,0.02,0
TXN_11321,ACC_791,163.0,1,Electronics,Domestic,20,0,0,2584,5466.77,0.22,9.23,0.12,0,0.09,0
TXN_11322,ACC_217,100.24,4,Grocery,Domestic,3,1,0,1970,4453.49,0.16,11.56,0.24,0,0.2,0
TXN_11323,ACC_617,75.45,8,Utilities,Domestic,3,1,0,3389,6467.55,0.41,5.64,0.53,2,0.13,0
TXN_11324,ACC_968,4670.1,29,Utilities,International_HighRisk,21,0,0,534,8813.67,0.48,14.32,0.8,5,0.68,1
TXN_11325,ACC_542,31.15,4,Grocery,Domestic,4,1,0,3067,7870.58,0.31,14.04,0.53,0,0.36,0
TXN_11326,ACC_305,82.83,8,Utilities,Domestic,21,0,1,1157,9304.02,0.48,10.08,0.33,0,0.32,0
TXN_11327,ACC_814,89.53,5,Luxury_Goods,Domestic,13,0,1,2341,6233.99,0.34,16.1,0.51,0,0.32,0
TXN_11328,ACC_694,182.8,1,Grocery,International_LowRisk,21,0,0,1482,3858.22,0.31,12.08,0.12,1,0.33,0
TXN_11329,ACC_579,6702.52,19,Wire_Transfer,Domestic,0,1,0,3535,5283.01,0.67,7.52,0.93,5,0.62,1
TXN_11330,ACC_981,105.82,2,Utilities,Domestic,22,0,0,650,4484.26,0.43,5.66,0.18,0,0.03,0
TXN_11331,ACC_836,46.89,5,Electronics,Domestic,4,1,1,309,9362.3,0.42,11.73,0.36,1,0.19,0
TXN_11332,ACC_760,29.4,5,Utilities,Online_Unverified,19,0,0,1357,5979.93,0.29,13.29,0.32,0,0.07,0
TXN_11333,ACC_694,119.31,1,Grocery,International_LowRisk,12,0,1,681,2969.22,0.23,10.44,0.19,1,0.16,0
TXN_11334,ACC_781,37.46,4,Grocery,Online_Unverified,15,0,0,3341,9981.88,0.24,10.14,0.53,2,0.27,0
TXN_11335,ACC_914,13485.69,20,Grocery,International_HighRisk,5,1,0,293,4925.65,0.49,15.99,0.85,4,0.73,1
TXN_11336,ACC_163,165.91,6,Electronics,Domestic,23,1,1,3473,6906.72,0.36,9.62,0.45,0,0.32,0
TXN_11337,ACC_278,249.55,4,Grocery,International_LowRisk,12,0,1,2041,8679.07,0.48,9.68,0.35,0,0.38,0
TXN_11338,ACC_392,43.18,4,Grocery,International_LowRisk,13,0,0,129,11230.82,0.33,8.75,0.22,0,0.01,0
TXN_11339,ACC_784,86.41,6,Grocery,Domestic,4,1,0,2357,7247.07,0.31,13.51,0.28,0,0.39,0
TXN_11340,ACC_173,34.48,8,Grocery,International_LowRisk,23,1,0,879,9410.87,0.23,4.14,0.23,0,0.23,0
TXN_11341,ACC_585,31.76,2,Utilities,Domestic,17,0,0,2591,4979.27,0.5,6.49,0.16,0,0.13,0
TXN_11342,ACC_172,121.32,2,Electronics,Domestic,16,0,0,240,5712.78,0.49,7.08,0.53,0,0.03,0
TXN_11343,ACC_438,2593.04,16,Grocery,International_HighRisk,9,0,0,2910,4793.01,0.62,12.18,0.86,4,0.61,1
TXN_11344,ACC_466,2383.79,26,Grocery,International_HighRisk,9,0,1,3524,5161.13,0.68,14.73,0.88,2,0.67,1
TXN_11345,ACC_630,937.39,25,Gambling,Domestic,12,0,0,484,5409.83,0.5,15.81,0.87,6,0.91,1
TXN_11346,ACC_696,33.32,1,Utilities,Online_Unverified,8,0,0,1098,10133.51,0.48,8.12,0.29,0,0.26,0
TXN_11347,ACC_883,408.01,1,Grocery,Domestic,23,1,0,328,8228.5,0.43,7.69,0.24,0,0.36,0
TXN_11348,ACC_677,553.84,10,Gambling,International_LowRisk,1,1,0,2480,1500.0,0.63,6.14,0.74,4,0.69,0
TXN_11349,ACC_182,7729.51,9,Wire_Transfer,Domestic,4,1,1,175,7238.03,0.71,4.04,0.68,1,0.87,1
TXN_11350,ACC_608,49.19,4,Utilities,International_LowRisk,13,0,0,256,6748.57,0.4,13.57,0.57,0,0.37,0
TXN_11351,ACC_900,835.8,31,Crypto_Exchange,Domestic,12,0,0,2293,5869.47,0.52,9.86,0.73,1,0.8,1
TXN_11352,ACC_593,349.8,7,Grocery,International_LowRisk,22,0,1,503,7036.1,0.5,10.95,0.59,0,0.08,0
TXN_11353,ACC_730,37.38,1,Travel,Domestic,6,0,0,406,7446.29,0.26,4.01,0.31,0,0.13,0
TXN_11354,ACC_332,123.82,1,Utilities,International_LowRisk,17,0,0,1053,5094.18,0.21,12.15,0.24,1,0.37,0
TXN_11355,ACC_178,164.63,6,Grocery,Domestic,9,0,1,1030,8882.18,0.24,9.65,0.26,0,0.28,0
TXN_11356,ACC_232,81.28,2,Electronics,Domestic,3,1,0,2256,6206.29,0.34,4.28,0.31,0,0.07,0
TXN_11357,ACC_822,85.46,5,Luxury_Goods,Domestic,7,0,0,3225,9368.62,0.37,10.77,0.44,1,0.31,0
TXN_11358,ACC_989,61.97,2,Electronics,Domestic,8,0,0,1712,7069.51,0.31,14.98,0.54,0,0.06,0
TXN_11359,ACC_736,120.78,4,Utilities,Domestic,4,1,0,2294,7166.74,0.38,14.04,0.5,0,0.27,0
TXN_11360,ACC_481,71.14,8,Luxury_Goods,International_LowRisk,1,1,0,1888,1514.38,0.47,5.14,0.15,0,0.16,0
TXN_11361,ACC_121,140.37,5,Utilities,Domestic,8,0,0,376,6794.6,0.39,13.65,0.3,0,0.17,0
TXN_11362,ACC_975,226.38,1,Electronics,Domestic,12,0,0,1583,5139.01,0.38,15.02,0.55,0,0.08,0
TXN_11363,ACC_541,94.7,6,Utilities,International_LowRisk,1,1,0,2523,3078.79,0.46,8.91,0.56,1,0.22,0
TXN_11364,ACC_444,2217.23,8,Gambling,Online_Unverified,18,0,1,3002,5713.82,0.79,4.87,0.74,3,0.71,1
TXN_11365,ACC_949,4461.99,32,Electronics,International_HighRisk,23,1,0,3337,8288.47,0.47,15.06,0.76,1,0.67,1
TXN_11366,ACC_211,45.05,8,Electronics,Online_Unverified,21,0,0,2975,4967.35,0.46,13.53,0.34,0,0.19,0
TXN_11367,ACC_631,101.36,4,Grocery,Online_Unverified,14,0,0,92,8139.48,0.15,13.25,0.52,0,0.27,0
TXN_11368,ACC_798,108.93,5,Travel,Domestic,7,0,0,1646,6109.05,0.33,12.19,0.27,0,0.22,0
TXN_11369,ACC_380,80.03,1,Utilities,International_LowRisk,20,0,0,2358,2064.82,0.2,12.59,0.53,0,0.29,0
TXN_11370,ACC_956,49.5,1,Grocery,Domestic,14,0,1,1499,4163.64,0.3,15.39,0.54,0,0.26,0
TXN_11371,ACC_964,613.26,5,Electronics,Domestic,18,0,0,2288,8903.86,0.48,4.26,0.22,1,0.05,0
TXN_11372,ACC_165,126.31,8,Utilities,Domestic,8,0,1,2611,6517.58,0.25,12.58,0.53,0,0.12,0
TXN_11373,ACC_992,149.58,3,Electronics,Domestic,3,1,0,3554,8280.12,0.29,14.0,0.12,0,0.1,0
TXN_11374,ACC_424,88.28,5,Grocery,International_LowRisk,1,1,0,96,5285.48,0.44,9.31,0.4,2,0.25,0
TXN_11375,ACC_978,1627.7,19,Crypto_Exchange,Domestic,1,1,0,347,4772.04,0.63,12.98,0.83,1,0.7,1
TXN_11376,ACC_619,43.86,6,Utilities,Domestic,7,0,1,2819,6246.93,0.23,11.3,0.31,0,0.09,0
TXN_11377,ACC_757,70.72,6,Utilities,Domestic,0,1,0,1701,2570.93,0.22,4.45,0.37,0,0.19,0
TXN_11378,ACC_483,97.69,6,Utilities,Online_Unverified,19,0,1,644,3537.71,0.4,6.22,0.38,0,0.23,0
TXN_11379,ACC_126,49.88,6,Grocery,Domestic,10,0,0,1581,3508.92,0.2,4.75,0.57,1,0.33,0
TXN_11380,ACC_133,62.25,2,Electronics,Domestic,20,0,1,949,6475.4,0.34,5.8,0.45,2,0.07,0
TXN_11381,ACC_688,16.11,1,Electronics,International_LowRisk,17,0,0,2730,8356.18,0.36,7.95,0.19,0,0.33,0
TXN_11382,ACC_551,25.91,4,Grocery,Domestic,18,0,0,3302,2959.04,0.3,12.23,0.19,0,0.1,0
TXN_11383,ACC_470,51.75,8,Grocery,Domestic,3,1,0,3635,6684.11,0.36,9.89,0.36,0,0.01,0
TXN_11384,ACC_181,117.23,4,Utilities,Domestic,11,0,0,1745,7452.48,0.26,6.97,0.51,0,0.37,0
TXN_11385,ACC_947,1566.35,21,Crypto_Exchange,Domestic,17,0,1,2425,6802.81,0.65,14.07,0.9,6,0.8,1
TXN_11386,ACC_781,56.01,2,Grocery,Domestic,9,0,0,1754,5914.63,0.46,14.57,0.31,0,0.27,0
TXN_11387,ACC_251,104.44,8,Electronics,International_LowRisk,6,0,0,524,8689.6,0.32,6.75,0.54,0,0.28,0
TXN_11388,ACC_883,74.03,1,Electronics,Online_Unverified,23,1,1,128,4888.02,0.29,6.68,0.46,0,0.35,0
TXN_11389,ACC_174,2040.03,19,Grocery,International_HighRisk,12,0,0,1677,5898.35,0.75,8.82,0.71,2,0.71,1
TXN_11390,ACC_813,497.6,6,Electronics,International_LowRisk,3,1,0,2555,3245.38,0.18,11.38,0.14,0,0.16,0
TXN_11391,ACC_839,124.76,7,Grocery,International_LowRisk,11,0,0,3063,8521.68,0.17,5.87,0.32,0,0.17,0
TXN_11392,ACC_396,28.16,2,Luxury_Goods,International_LowRisk,23,1,1,61,13558.11,0.36,6.46,0.15,0,0.06,0
TXN_11393,ACC_478,49.75,5,Electronics,Domestic,10,0,0,426,5059.58,0.45,6.62,0.58,1,0.08,0
TXN_11394,ACC_605,96.24,7,Grocery,Domestic,16,0,0,1603,4248.69,0.33,15.23,0.44,0,0.02,0
TXN_11395,ACC_282,36.55,4,Travel,Domestic,23,1,0,1169,4171.9,0.19,7.18,0.5,0,0.32,0
TXN_11396,ACC_730,51.66,5,Grocery,Domestic,5,1,1,946,5784.02,0.48,5.58,0.31,0,0.23,0
TXN_11397,ACC_395,13232.61,15,Gambling,Domestic,19,0,0,1171,8637.58,0.59,11.08,0.91,6,0.69,1
TXN_11398,ACC_244,91.58,1,Grocery,Domestic,16,0,0,192,3928.0,0.18,12.35,0.47,0,0.2,0
TXN_11399,ACC_652,286.39,1,Utilities,Domestic,15,0,0,1184,2435.29,0.4,5.71,0.17,0,0.03,0
TXN_11400,ACC_684,99.81,5,Utilities,Domestic,4,1,0,2963,3856.89,0.42,7.23,0.34,1,0.06,0
TXN_11401,ACC_965,2794.04,35,Grocery,International_HighRisk,15,0,1,1170,9393.13,0.79,4.51,0.88,2,0.99,1
TXN_11402,ACC_849,30.74,4,Electronics,Online_Unverified,2,1,0,1369,5580.28,0.45,8.33,0.3,0,0.09,0
TXN_11403,ACC_443,142.57,2,Grocery,International_LowRisk,16,0,0,1319,2822.96,0.28,5.05,0.39,0,0.29,0
TXN_11404,ACC_139,607.11,1,Utilities,Online_Unverified,16,0,0,2599,8296.23,0.46,7.77,0.14,1,0.06,1
TXN_11405,ACC_240,4177.35,16,Electronics,International_HighRisk,7,0,0,650,4503.81,0.55,13.01,0.78,4,0.73,1
TXN_11406,ACC_596,3007.71,28,Crypto_Exchange,International_LowRisk,9,0,1,2144,2991.43,0.65,11.3,0.66,1,0.97,1
TXN_11407,ACC_977,318.38,4,Luxury_Goods,Domestic,13,0,1,188,7497.77,0.45,4.24,0.39,0,0.03,0
TXN_11408,ACC_369,173.22,8,Electronics,International_LowRisk,7,0,0,767,5815.7,0.3,4.56,0.43,0,0.37,0
TXN_11409,ACC_960,318.26,7,Grocery,Domestic,15,0,0,2255,4367.94,0.39,6.68,0.11,0,0.19,0
TXN_11410,ACC_198,23.0,8,Grocery,Online_Unverified,9,0,0,2743,6396.92,0.33,14.21,0.41,0,0.23,0
TXN_11411,ACC_280,251.8,7,Utilities,Domestic,3,1,0,3199,9620.51,0.39,12.11,0.11,0,0.25,0
TXN_11412,ACC_960,2009.01,8,Crypto_Exchange,Domestic,13,0,0,1127,2596.79,0.72,4.05,0.69,3,0.96,1
TXN_11413,ACC_619,9549.69,32,Grocery,International_HighRisk,13,0,1,1101,3991.68,0.58,11.31,0.68,3,0.64,1
TXN_11414,ACC_791,85.2,5,Grocery,Domestic,14,0,0,1129,5389.97,0.43,12.62,0.26,1,0.02,0
TXN_11415,ACC_324,5016.8,15,Grocery,International_HighRisk,9,0,0,3616,8038.06,0.49,16.26,0.75,5,0.87,1
TXN_11416,ACC_270,96.71,6,Utilities,International_LowRisk,3,1,0,2240,5445.22,0.26,11.23,0.17,0,0.01,1
TXN_11417,ACC_839,24.37,6,Grocery,Domestic,22,0,0,2294,7914.92,0.47,11.58,0.28,0,0.38,0
TXN_11418,ACC_150,133.27,7,Utilities,Domestic,6,0,0,969,8053.86,0.34,16.33,0.41,1,0.26,0
TXN_11419,ACC_265,5112.49,15,Gambling,Domestic,6,0,0,177,6429.81,0.54,10.43,0.94,1,0.9,1
TXN_11420,ACC_965,227.06,8,Grocery,Online_Unverified,3,1,0,1189,4792.13,0.33,4.48,0.39,0,0.18,0
TXN_11421,ACC_335,129.61,2,Electronics,International_LowRisk,1,1,1,1577,4186.12,0.36,5.54,0.18,0,0.33,0
TXN_11422,ACC_234,14201.18,24,Crypto_Exchange,International_HighRisk,2,1,1,2911,7145.01,0.52,12.35,0.73,6,0.75,1
TXN_11423,ACC_880,127.82,3,Luxury_Goods,Domestic,23,1,0,2439,3357.16,0.46,9.78,0.14,0,0.26,0
TXN_11424,ACC_298,2230.42,31,Crypto_Exchange,International_HighRisk,10,0,0,1267,4635.26,0.57,14.8,0.96,1,0.94,1
TXN_11425,ACC_380,197.53,7,Utilities,Domestic,20,0,0,411,8095.95,0.35,4.07,0.22,0,0.37,0
TXN_11426,ACC_516,114.84,4,Electronics,Domestic,22,0,0,2065,5389.78,0.38,14.64,0.26,0,0.14,0
TXN_11427,ACC_481,127.75,1,Luxury_Goods,International_LowRisk,14,0,1,980,5959.27,0.33,10.96,0.23,0,0.34,0
TXN_11428,ACC_588,145.0,2,Electronics,International_LowRisk,10,0,1,723,6445.23,0.35,4.83,0.47,0,0.24,0
TXN_11429,ACC_601,29.86,8,Electronics,Domestic,12,0,0,3469,9711.24,0.18,8.11,0.24,0,0.24,0
TXN_11430,ACC_338,167.94,6,Grocery,Domestic,13,0,0,179,2338.52,0.41,12.11,0.27,0,0.26,0
TXN_11431,ACC_678,4051.03,32,Electronics,International_HighRisk,8,0,0,3285,7617.45,0.73,14.22,0.65,5,0.82,1
TXN_11432,ACC_600,121.32,8,Utilities,Domestic,20,0,1,2137,6187.05,0.27,9.96,0.2,0,0.11,0
TXN_11433,ACC_857,57.13,2,Travel,Domestic,3,1,0,3130,6606.12,0.49,13.06,0.18,0,0.21,1
TXN_11434,ACC_632,83.73,2,Luxury_Goods,Domestic,14,0,0,1767,8230.58,0.26,11.23,0.27,0,0.26,0
TXN_11435,ACC_741,2912.95,21,Crypto_Exchange,Domestic,23,1,0,67,6059.96,0.6,5.3,0.74,4,0.83,1
TXN_11436,ACC_403,216.15,5,Grocery,Online_Unverified,23,1,0,2549,6245.19,0.25,14.89,0.43,0,0.03,0
TXN_11437,ACC_677,94.63,6,Electronics,Domestic,16,0,0,1059,4541.4,0.28,16.46,0.36,0,0.13,0
TXN_11438,ACC_315,2440.23,12,Gambling,Online_Unverified,23,1,0,2177,6826.72,0.6,14.42,0.88,2,0.74,1
TXN_11439,ACC_832,2619.71,23,Crypto_Exchange,Domestic,13,0,1,52,4819.01,0.79,5.82,0.69,1,0.88,1
TXN_11440,ACC_419,60.63,6,Luxury_Goods,Domestic,3,1,0,2589,7874.48,0.31,4.38,0.23,0,0.39,0
TXN_11441,ACC_260,75.75,1,Grocery,International_LowRisk,7,0,0,1154,6886.9,0.33,4.51,0.58,1,0.23,0
TXN_11442,ACC_988,60.4,7,Utilities,International_LowRisk,11,0,0,2328,9119.73,0.45,6.85,0.58,1,0.23,0
TXN_11443,ACC_775,44.83,5,Grocery,Domestic,3,1,0,2338,5444.01,0.45,10.3,0.56,0,0.09,0
TXN_11444,ACC_916,89.91,5,Utilities,International_LowRisk,12,0,0,3049,9206.14,0.16,5.65,0.35,2,0.11,0
TXN_11445,ACC_784,8118.6,14,Gambling,Domestic,0,1,0,3320,9232.78,0.66,13.8,0.79,1,0.89,1
TXN_11446,ACC_729,187.91,1,Grocery,Domestic,0,1,0,3336,5024.53,0.27,9.87,0.2,0,0.29,0
TXN_11447,ACC_780,63.2,7,Utilities,Domestic,3,1,1,1609,7044.47,0.2,6.82,0.26,0,0.3,0
TXN_11448,ACC_463,128.66,4,Grocery,Domestic,16,0,1,2625,6385.46,0.32,12.78,0.14,2,0.18,0
TXN_11449,ACC_828,101.39,5,Grocery,Domestic,14,0,0,2315,6163.16,0.18,11.21,0.24,0,0.35,0
TXN_11450,ACC_767,203.43,6,Grocery,Domestic,11,0,0,905,7707.29,0.2,7.64,0.46,0,0.14,0
TXN_11451,ACC_997,33.76,1,Travel,Online_Unverified,12,0,0,1508,6586.06,0.4,10.75,0.21,0,0.33,0
TXN_11452,ACC_105,89.17,1,Electronics,Domestic,11,0,0,167,7873.72,0.36,16.32,0.34,0,0.14,0
TXN_11453,ACC_757,348.22,5,Utilities,Domestic,22,0,0,2373,7994.89,0.31,8.91,0.54,0,0.35,0
TXN_11454,ACC_983,406.67,8,Luxury_Goods,Domestic,19,0,0,3101,7095.75,0.4,15.88,0.4,0,0.17,0
TXN_11455,ACC_868,48.66,3,Utilities,Domestic,11,0,1,754,7062.46,0.24,12.26,0.36,0,0.3,0
TXN_11456,ACC_234,1864.78,28,Grocery,International_HighRisk,3,1,1,285,9479.2,0.61,6.48,0.85,6,0.79,1
TXN_11457,ACC_421,406.29,1,Grocery,Domestic,6,0,0,2782,4270.94,0.29,9.11,0.47,0,0.21,0
TXN_11458,ACC_424,3249.8,19,Wire_Transfer,Domestic,18,0,0,88,3021.59,0.5,10.2,0.81,5,0.81,1
TXN_11459,ACC_780,1148.38,14,Utilities,International_HighRisk,21,0,1,634,4421.78,0.69,15.36,0.96,5,0.65,0
TXN_11460,ACC_185,136.91,7,Grocery,Domestic,19,0,1,3089,9875.1,0.49,14.26,0.28,0,0.31,0
TXN_11461,ACC_103,245.86,2,Grocery,Domestic,3,1,0,1926,7876.41,0.25,4.4,0.24,0,0.08,0
TXN_11462,ACC_192,24.5,1,Grocery,Domestic,10,0,0,3260,5612.79,0.23,13.97,0.2,0,0.12,1
TXN_11463,ACC_753,114.37,5,Utilities,Domestic,23,1,0,2660,7172.56,0.29,12.78,0.31,0,0.01,0
TXN_11464,ACC_985,168.14,7,Grocery,International_LowRisk,4,1,0,759,5025.94,0.48,14.18,0.1,0,0.29,0
TXN_11465,ACC_678,296.19,4,Grocery,Domestic,6,0,1,1238,7938.34,0.43,15.82,0.57,0,0.02,0
TXN_11466,ACC_550,85.21,8,Grocery,Domestic,18,0,0,2844,10139.54,0.48,4.95,0.34,0,0.24,0
TXN_11467,ACC_137,2933.86,14,Gambling,Domestic,4,1,0,1807,6205.72,0.68,4.29,0.91,6,0.87,1
TXN_11468,ACC_455,62.95,5,Electronics,International_LowRisk,9,0,1,3197,5186.75,0.45,5.59,0.56,0,0.22,0
TXN_11469,ACC_323,26.72,3,Utilities,Domestic,3,1,0,1943,8309.92,0.24,8.8,0.37,0,0.24,0
TXN_11470,ACC_481,175.19,2,Electronics,International_LowRisk,1,1,0,3590,6048.39,0.47,9.68,0.16,0,0.2,0
TXN_11471,ACC_262,174.13,3,Utilities,Domestic,20,0,0,1284,10433.83,0.19,8.18,0.11,1,0.15,0
TXN_11472,ACC_659,157.69,7,Grocery,Domestic,19,0,0,1969,6421.71,0.32,15.44,0.45,0,0.28,0
TXN_11473,ACC_358,95.61,5,Luxury_Goods,International_LowRisk,15,0,0,3623,6744.49,0.26,7.11,0.2,0,0.19,0
TXN_11474,ACC_619,58.52,7,Grocery,Domestic,8,0,0,701,5662.07,0.23,6.11,0.26,0,0.31,0
TXN_11475,ACC_407,5718.59,26,Wire_Transfer,Online_Unverified,16,0,1,562,8543.27,0.65,14.13,0.8,2,0.65,1
TXN_11476,ACC_779,20.49,3,Grocery,Online_Unverified,2,1,0,1908,9372.74,0.2,7.61,0.24,0,0.13,0
TXN_11477,ACC_571,59.49,2,Grocery,Domestic,5,1,0,3543,4643.56,0.28,7.63,0.43,0,0.21,0
TXN_11478,ACC_192,108.49,6,Luxury_Goods,Domestic,17,0,0,682,8986.86,0.3,15.79,0.14,0,0.02,0
TXN_11479,ACC_582,168.41,7,Utilities,Domestic,6,0,0,2922,8856.51,0.41,9.05,0.52,0,0.04,0
TXN_11480,ACC_198,45.05,6,Utilities,Domestic,4,1,0,3387,7316.27,0.34,11.06,0.37,1,0.21,0
TXN_11481,ACC_993,371.42,1,Utilities,Domestic,2,1,0,2522,6426.84,0.43,14.58,0.54,0,0.36,0
TXN_11482,ACC_340,99.42,7,Utilities,Domestic,0,1,0,2674,3024.39,0.24,13.15,0.17,1,0.3,0
TXN_11483,ACC_611,36.6,7,Grocery,Domestic,13,0,1,1773,4699.1,0.27,10.94,0.23,0,0.15,0
TXN_11484,ACC_418,868.5,21,Utilities,International_HighRisk,1,1,1,699,9338.91,0.71,13.07,0.77,2,0.91,1
TXN_11485,ACC_507,1323.53,19,Electronics,International_HighRisk,14,0,0,3031,4980.65,0.62,8.22,0.85,6,0.95,1
TXN_11486,ACC_203,214.08,3,Electronics,Domestic,0,1,1,1602,7827.29,0.3,12.96,0.48,0,0.28,0
TXN_11487,ACC_111,73.63,1,Utilities,Online_Unverified,12,0,0,1089,5713.12,0.49,12.43,0.42,0,0.09,0
TXN_11488,ACC_218,3229.33,32,Electronics,International_HighRisk,14,0,0,2946,2681.61,0.47,16.48,0.9,4,0.93,1
TXN_11489,ACC_443,5385.83,21,Crypto_Exchange,Online_Unverified,3,1,0,3141,5874.65,0.79,14.96,0.86,5,0.94,1
TXN_11490,ACC_492,1288.25,30,Wire_Transfer,Domestic,0,1,0,1086,4908.02,0.78,6.03,0.91,5,0.63,1
TXN_11491,ACC_302,246.18,8,Utilities,International_LowRisk,14,0,0,527,3884.45,0.44,7.56,0.36,0,0.28,0
TXN_11492,ACC_571,2962.35,21,Utilities,International_HighRisk,21,0,0,2794,5809.79,0.77,11.27,0.92,3,0.81,1
TXN_11493,ACC_403,197.12,6,Luxury_Goods,Domestic,8,0,1,1859,6280.27,0.46,12.69,0.13,0,0.08,0
TXN_11494,ACC_751,78.2,7,Grocery,Domestic,23,1,1,374,6131.83,0.15,7.76,0.25,0,0.35,0
TXN_11495,ACC_229,118.55,6,Luxury_Goods,International_LowRisk,13,0,0,2852,6046.12,0.46,9.78,0.37,2,0.16,0
TXN_11496,ACC_945,3288.13,9,Gambling,Online_Unverified,16,0,0,1367,7300.0,0.54,13.09,0.98,1,0.97,1
TXN_11497,ACC_481,71.98,2,Grocery,International_LowRisk,23,1,0,3001,5643.36,0.31,12.59,0.1,0,0.01,0
TXN_11498,ACC_752,56.78,5,Luxury_Goods,Domestic,0,1,1,3072,6479.07,0.21,9.09,0.25,0,0.23,0
TXN_11499,ACC_956,1425.13,17,Gambling,Online_Unverified,6,0,0,2135,7422.54,0.65,13.42,0.72,5,0.81,1
TXN_11500,ACC_652,909.42,23,Wire_Transfer,Domestic,1,1,0,3145,4651.29,0.69,7.31,0.67,2,0.78,1
TXN_11501,ACC_547,105.0,1,Grocery,International_LowRisk,5,1,1,772,2938.75,0.34,15.86,0.56,0,0.21,0
TXN_11502,ACC_379,195.17,5,Grocery,Domestic,13,0,0,2483,9505.47,0.3,14.36,0.52,0,0.12,0
TXN_11503,ACC_750,222.72,4,Grocery,Domestic,0,1,0,1208,4388.02,0.25,13.07,0.45,0,0.08,0
TXN_11504,ACC_723,1413.99,25,Crypto_Exchange,Domestic,20,0,0,1978,4399.89,0.52,5.31,0.89,4,0.6,1
TXN_11505,ACC_671,47.54,3,Grocery,Domestic,11,0,0,3071,4138.06,0.17,9.61,0.34,0,0.16,0
TXN_11506,ACC_645,133.1,2,Electronics,International_LowRisk,8,0,0,2329,4196.64,0.45,7.2,0.19,0,0.07,0
TXN_11507,ACC_185,72.4,6,Grocery,Online_Unverified,11,0,0,1944,6309.32,0.27,14.16,0.43,0,0.35,0
TXN_11508,ACC_739,386.17,1,Electronics,International_LowRisk,18,0,0,1192,9960.64,0.33,8.5,0.55,0,0.37,0
TXN_11509,ACC_602,90.07,2,Travel,Domestic,17,0,1,924,5382.41,0.22,5.4,0.54,0,0.28,0
TXN_11510,ACC_213,56.31,7,Electronics,Domestic,5,1,0,1471,5875.86,0.46,11.8,0.5,0,0.25,0
TXN_11511,ACC_528,519.77,29,Gambling,Domestic,11,0,0,2623,5294.75,0.6,8.36,0.68,6,0.67,1
TXN_11512,ACC_880,38.69,7,Electronics,Domestic,17,0,0,1930,6503.57,0.32,9.35,0.33,0,0.26,0
TXN_11513,ACC_560,11434.05,25,Grocery,International_HighRisk,12,0,0,3154,8006.83,0.74,8.72,0.82,3,0.68,1
TXN_11514,ACC_575,89.76,7,Electronics,International_LowRisk,3,1,0,1710,6699.65,0.25,6.0,0.4,2,0.04,0
TXN_11515,ACC_129,109.37,2,Electronics,Domestic,19,0,0,3028,4145.55,0.39,9.87,0.14,0,0.22,0
TXN_11516,ACC_123,167.89,2,Grocery,Domestic,18,0,0,123,7437.08,0.26,11.63,0.3,2,0.22,0
TXN_11517,ACC_908,350.84,3,Electronics,Domestic,6,0,0,2991,8531.87,0.31,9.23,0.14,0,0.27,0
TXN_11518,ACC_279,84.76,5,Utilities,International_LowRisk,6,0,0,156,5693.24,0.16,11.41,0.49,0,0.26,0
TXN_11519,ACC_572,39.8,3,Utilities,International_LowRisk,14,0,0,2078,5027.87,0.31,5.82,0.27,2,0.14,0
TXN_11520,ACC_922,19.08,2,Electronics,Domestic,5,1,1,162,5878.12,0.19,15.83,0.58,0,0.19,0
TXN_11521,ACC_516,5126.52,21,Wire_Transfer,Online_Unverified,12,0,1,3648,6523.73,0.78,12.71,0.86,3,0.85,1
TXN_11522,ACC_833,121.06,1,Utilities,International_LowRisk,19,0,0,3420,4538.42,0.39,10.68,0.14,0,0.33,0
TXN_11523,ACC_399,2168.39,19,Crypto_Exchange,International_HighRisk,23,1,0,2965,9127.56,0.81,9.03,0.85,4,0.73,1
TXN_11524,ACC_623,27.96,5,Electronics,Domestic,3,1,1,2404,6469.06,0.28,8.22,0.13,0,0.03,0
TXN_11525,ACC_214,166.87,4,Luxury_Goods,Domestic,21,0,0,890,7226.01,0.23,5.81,0.13,0,0.3,0
TXN_11526,ACC_437,32.26,4,Electronics,Domestic,22,0,0,1432,3057.84,0.21,9.08,0.5,0,0.38,0
TXN_11527,ACC_555,67.74,1,Grocery,Domestic,8,0,0,636,5219.69,0.19,7.29,0.36,0,0.32,0
TXN_11528,ACC_126,71.5,5,Grocery,Domestic,11,0,0,678,9467.49,0.23,8.98,0.27,1,0.2,0
TXN_11529,ACC_412,17.32,3,Utilities,Domestic,9,0,1,1227,8878.45,0.17,14.17,0.19,0,0.31,0
TXN_11530,ACC_363,96.63,3,Electronics,Domestic,6,0,0,1092,7834.49,0.39,7.08,0.47,0,0.09,0
TXN_11531,ACC_620,295.47,3,Luxury_Goods,Online_Unverified,12,0,0,2667,7292.73,0.45,13.03,0.59,2,0.05,0
TXN_11532,ACC_973,40.35,8,Utilities,Domestic,12,0,0,3596,6839.5,0.29,13.27,0.14,0,0.18,0
TXN_11533,ACC_279,73.62,6,Utilities,Domestic,21,0,0,875,6242.25,0.46,5.98,0.4,0,0.14,0
TXN_11534,ACC_384,157.63,6,Electronics,International_LowRisk,3,1,0,2362,5481.81,0.25,6.49,0.43,0,0.05,0
TXN_11535,ACC_112,10140.39,31,Crypto_Exchange,International_HighRisk,16,0,0,1519,6970.91,0.46,8.02,0.79,2,0.61,1
TXN_11536,ACC_780,32.01,5,Grocery,International_LowRisk,10,0,0,2220,1500.0,0.42,10.63,0.44,0,0.16,0
TXN_11537,ACC_650,3619.18,24,Wire_Transfer,Online_Unverified,1,1,0,1032,4893.78,0.51,10.49,0.74,2,0.68,1
TXN_11538,ACC_362,114.25,4,Luxury_Goods,Domestic,20,0,0,1898,5036.29,0.37,14.22,0.2,0,0.38,0
TXN_11539,ACC_723,113.58,2,Grocery,Domestic,23,1,1,572,8645.86,0.16,4.59,0.23,1,0.11,0
TXN_11540,ACC_162,44.71,2,Grocery,Domestic,18,0,0,3230,4793.2,0.31,12.73,0.49,0,0.29,0
TXN_11541,ACC_908,73.91,8,Electronics,Domestic,3,1,0,2251,2363.25,0.35,10.35,0.3,0,0.07,0
TXN_11542,ACC_712,17.91,2,Utilities,Domestic,18,0,0,1843,6678.79,0.34,9.63,0.51,0,0.13,0
TXN_11543,ACC_299,55.34,5,Electronics,International_LowRisk,14,0,0,2493,6373.22,0.44,8.92,0.29,0,0.13,0
TXN_11544,ACC_746,239.93,5,Grocery,Domestic,16,0,0,2209,7465.58,0.23,13.29,0.38,0,0.18,0
TXN_11545,ACC_381,106.11,3,Electronics,Domestic,20,0,0,1337,8286.38,0.23,8.33,0.49,0,0.33,0
TXN_11546,ACC_621,37.74,5,Utilities,Domestic,2,1,0,3560,7783.79,0.27,10.94,0.33,0,0.01,0
TXN_11547,ACC_753,1229.07,32,Electronics,International_HighRisk,6,0,0,903,6070.92,0.54,6.69,0.74,2,0.94,1
TXN_11548,ACC_414,53.07,5,Utilities,Domestic,16,0,0,891,1500.0,0.42,9.78,0.46,1,0.08,0
TXN_11549,ACC_258,165.25,3,Grocery,Domestic,12,0,0,673,5500.26,0.49,6.33,0.17,0,0.3,0
TXN_11550,ACC_628,31.11,5,Travel,International_LowRisk,13,0,0,1106,7586.06,0.31,13.79,0.47,0,0.06,0
TXN_11551,ACC_976,5299.99,19,Crypto_Exchange,Domestic,9,0,0,1321,8563.31,0.46,4.12,0.88,6,0.84,1
TXN_11552,ACC_560,19.02,7,Grocery,Domestic,13,0,1,1704,3682.16,0.24,12.6,0.44,0,0.34,0
TXN_11553,ACC_924,203.69,4,Grocery,Domestic,8,0,1,2965,4976.48,0.48,10.15,0.12,0,0.13,0
TXN_11554,ACC_952,190.56,4,Utilities,Domestic,12,0,0,2559,5900.61,0.23,16.4,0.23,0,0.1,0
TXN_11555,ACC_976,41.39,8,Grocery,Domestic,5,1,0,2458,6005.33,0.2,11.93,0.56,1,0.23,0
TXN_11556,ACC_147,186.7,5,Luxury_Goods,Domestic,22,0,0,2430,7166.46,0.42,8.24,0.19,2,0.39,0
TXN_11557,ACC_203,38.18,5,Grocery,Domestic,17,0,0,580,6830.48,0.31,8.99,0.5,0,0.17,0
TXN_11558,ACC_175,129.67,3,Grocery,International_LowRisk,13,0,0,2381,6525.04,0.39,15.72,0.3,0,0.15,0
TXN_11559,ACC_190,108.8,5,Utilities,Domestic,17,0,0,3377,5691.69,0.22,7.16,0.14,0,0.31,0
TXN_11560,ACC_122,102.43,6,Grocery,International_LowRisk,22,0,0,1509,6503.59,0.33,11.16,0.23,2,0.02,0
TXN_11561,ACC_556,327.04,8,Luxury_Goods,Domestic,10,0,0,845,5237.52,0.48,5.64,0.31,0,0.26,0
TXN_11562,ACC_820,150.17,7,Grocery,International_LowRisk,0,1,1,3331,7698.9,0.41,11.82,0.49,0,0.23,0
TXN_11563,ACC_149,15537.31,26,Crypto_Exchange,Domestic,16,0,0,161,8120.05,0.78,15.96,0.69,4,0.81,1
TXN_11564,ACC_616,4676.72,26,Wire_Transfer,Domestic,17,0,0,2628,5050.28,0.6,8.41,0.8,3,0.83,1
TXN_11565,ACC_168,136.4,3,Luxury_Goods,Domestic,17,0,0,3496,9435.7,0.22,9.95,0.44,0,0.3,0
TXN_11566,ACC_687,3192.25,32,Gambling,International_LowRisk,6,0,0,1795,6439.47,0.61,15.19,0.87,6,0.9,1
TXN_11567,ACC_937,36.29,6,Grocery,Domestic,23,1,1,2683,5919.12,0.16,13.12,0.16,0,0.4,0
TXN_11568,ACC_564,214.93,7,Utilities,International_LowRisk,13,0,0,56,7388.29,0.25,12.88,0.6,0,0.35,0
TXN_11569,ACC_499,29.71,4,Grocery,Domestic,13,0,1,3174,6715.97,0.28,12.07,0.52,0,0.17,0
TXN_11570,ACC_568,447.96,3,Electronics,Domestic,18,0,0,637,11713.72,0.45,10.02,0.39,0,0.03,0
TXN_11571,ACC_285,24.81,6,Grocery,Domestic,1,1,0,1371,6647.73,0.2,15.67,0.27,2,0.23,0
TXN_11572,ACC_335,211.8,5,Electronics,Domestic,5,1,0,919,8887.17,0.3,6.47,0.1,0,0.28,0
TXN_11573,ACC_127,8958.98,20,Grocery,International_HighRisk,14,0,1,1848,4832.8,0.66,11.49,0.74,1,0.67,1
TXN_11574,ACC_988,26.18,8,Luxury_Goods,International_LowRisk,12,0,1,872,5140.22,0.4,10.94,0.29,0,0.03,0
TXN_11575,ACC_704,2423.95,26,Crypto_Exchange,Domestic,5,1,0,2145,6810.31,0.82,15.14,0.77,6,0.82,1
TXN_11576,ACC_224,210.49,6,Grocery,Domestic,15,0,0,1327,5703.43,0.4,5.05,0.25,0,0.08,0
TXN_11577,ACC_315,215.47,2,Travel,International_LowRisk,11,0,0,96,8425.01,0.19,14.39,0.46,1,0.29,1
TXN_11578,ACC_922,20.1,5,Utilities,Online_Unverified,3,1,0,1808,8831.19,0.2,10.98,0.29,0,0.02,0
TXN_11579,ACC_767,314.18,7,Grocery,Online_Unverified,2,1,0,94,7783.89,0.15,5.21,0.52,1,0.16,0
TXN_11580,ACC_381,3763.56,15,Luxury_Goods,International_HighRisk,1,1,1,2342,5959.46,0.5,6.65,0.96,2,0.78,1
TXN_11581,ACC_109,18.6,1,Grocery,Domestic,22,0,0,3316,9685.93,0.45,10.65,0.24,0,0.18,0
TXN_11582,ACC_857,26.56,7,Electronics,Domestic,13,0,0,2154,9430.42,0.44,15.17,0.6,0,0.18,0
TXN_11583,ACC_859,6565.1,11,Crypto_Exchange,International_LowRisk,11,0,0,152,5198.69,0.45,9.91,0.73,2,0.64,1
TXN_11584,ACC_609,150.66,5,Grocery,Domestic,11,0,0,146,5846.7,0.48,4.67,0.47,0,0.35,0
TXN_11585,ACC_439,16.47,7,Grocery,Domestic,23,1,0,1574,4087.96,0.24,10.39,0.24,0,0.27,0
TXN_11586,ACC_839,84.61,4,Utilities,Domestic,0,1,0,301,4728.06,0.29,7.14,0.44,0,0.21,0
TXN_11587,ACC_587,36.81,1,Utilities,Domestic,17,0,0,1953,4189.1,0.41,11.35,0.47,0,0.15,0
TXN_11588,ACC_363,116.47,2,Grocery,International_LowRisk,11,0,0,3096,7950.16,0.32,11.07,0.37,0,0.2,0
TXN_11589,ACC_684,165.85,3,Grocery,Domestic,4,1,0,366,3859.85,0.2,10.07,0.47,0,0.05,0
TXN_11590,ACC_834,6705.5,16,Utilities,International_HighRisk,3,1,1,3020,6022.49,0.59,11.54,0.86,2,0.97,1
TXN_11591,ACC_775,59.88,5,Grocery,International_LowRisk,14,0,0,569,4111.63,0.35,4.42,0.54,0,0.36,0
TXN_11592,ACC_483,218.02,7,Electronics,Domestic,1,1,0,3283,4474.71,0.31,14.23,0.26,0,0.19,0
TXN_11593,ACC_286,30.97,6,Grocery,International_LowRisk,7,0,1,1999,3819.75,0.48,8.67,0.55,0,0.34,0
TXN_11594,ACC_452,1916.92,14,Grocery,International_HighRisk,18,0,0,2574,5528.64,0.64,14.82,0.85,4,0.67,1
TXN_11595,ACC_369,18.92,6,Utilities,Domestic,8,0,0,793,7170.11,0.42,15.6,0.48,0,0.26,0
TXN_11596,ACC_926,1915.58,29,Wire_Transfer,International_LowRisk,14,0,0,3156,7629.58,0.45,7.0,0.65,3,0.8,1
TXN_11597,ACC_631,27.75,3,Grocery,International_LowRisk,13,0,0,1903,5121.78,0.16,15.4,0.19,0,0.11,0
TXN_11598,ACC_223,282.96,7,Electronics,Domestic,11,0,0,369,7435.38,0.15,16.31,0.44,0,0.27,0
TXN_11599,ACC_616,7858.27,34,Grocery,International_HighRisk,16,0,1,938,5863.68,0.59,11.03,0.87,6,0.95,1
TXN_11600,ACC_894,27.61,3,Grocery,International_LowRisk,11,0,0,2203,7701.47,0.23,10.98,0.17,0,0.37,0
TXN_11601,ACC_919,188.32,3,Utilities,Domestic,22,0,0,440,6150.7,0.15,15.3,0.22,0,0.25,0
TXN_11602,ACC_750,78.28,7,Electronics,International_LowRisk,22,0,1,1170,9220.34,0.31,13.69,0.34,1,0.21,0
TXN_11603,ACC_510,104.78,8,Grocery,Online_Unverified,13,0,0,2985,3612.15,0.16,5.85,0.23,0,0.13,0
TXN_11604,ACC_100,142.3,2,Grocery,International_LowRisk,21,0,0,1710,7389.71,0.33,15.18,0.48,0,0.28,0
TXN_11605,ACC_592,10139.85,13,Crypto_Exchange,International_LowRisk,7,0,0,1746,5959.26,0.57,4.71,0.86,6,0.91,1
TXN_11606,ACC_500,475.73,5,Electronics,Domestic,11,0,1,1674,3720.44,0.38,10.21,0.38,0,0.24,0
TXN_11607,ACC_857,18.91,5,Electronics,International_LowRisk,6,0,0,74,4939.71,0.3,6.77,0.46,0,0.25,0
TXN_11608,ACC_633,36.13,4,Grocery,Domestic,20,0,0,1253,7970.54,0.44,8.79,0.52,0,0.16,0
TXN_11609,ACC_654,121.73,6,Luxury_Goods,Domestic,2,1,0,197,6659.83,0.21,16.27,0.22,1,0.29,0
TXN_11610,ACC_361,64.45,8,Grocery,Domestic,18,0,1,950,7141.86,0.24,10.4,0.21,0,0.28,0
TXN_11611,ACC_190,61.21,4,Travel,International_LowRisk,19,0,0,2753,6354.28,0.16,5.18,0.23,1,0.08,0
TXN_11612,ACC_818,37.6,5,Travel,Domestic,20,0,1,3030,10278.56,0.18,13.43,0.41,0,0.05,0
TXN_11613,ACC_357,17.49,6,Electronics,Domestic,21,0,0,444,8918.46,0.4,11.51,0.55,0,0.11,0
TXN_11614,ACC_597,152.42,5,Grocery,Domestic,18,0,0,3228,6451.43,0.37,9.75,0.22,0,0.4,0
TXN_11615,ACC_599,640.88,35,Electronics,International_HighRisk,12,0,0,1597,9805.83,0.71,4.4,0.69,6,0.61,1
TXN_11616,ACC_143,91.03,2,Electronics,Domestic,20,0,0,3159,10655.56,0.37,13.75,0.3,0,0.37,0
TXN_11617,ACC_694,198.86,1,Electronics,Online_Unverified,13,0,0,3258,5923.87,0.29,7.5,0.53,0,0.21,0
TXN_11618,ACC_571,21.55,7,Electronics,Domestic,12,0,0,135,7362.05,0.23,6.9,0.31,0,0.32,0
TXN_11619,ACC_285,293.0,7,Grocery,Online_Unverified,3,1,0,3016,1729.77,0.37,15.44,0.38,0,0.34,0
TXN_11620,ACC_359,31.11,4,Utilities,International_LowRisk,11,0,0,3240,5369.48,0.32,9.72,0.27,0,0.17,0
TXN_11621,ACC_569,102.8,6,Electronics,International_LowRisk,5,1,1,3115,5670.17,0.23,11.83,0.36,0,0.06,0
TXN_11622,ACC_935,171.06,4,Grocery,Domestic,2,1,0,1282,9503.91,0.29,8.7,0.34,0,0.27,0
TXN_11623,ACC_839,137.61,3,Grocery,Domestic,19,0,0,858,6095.32,0.46,11.88,0.52,0,0.2,0
TXN_11624,ACC_824,58.01,3,Utilities,Domestic,14,0,0,1352,6133.51,0.23,15.62,0.54,2,0.02,1
TXN_11625,ACC_294,166.66,5,Electronics,Online_Unverified,22,0,0,2234,3913.76,0.23,7.82,0.2,0,0.31,0
TXN_11626,ACC_733,61.54,7,Electronics,Domestic,2,1,0,627,6667.75,0.43,6.09,0.2,1,0.07,0
TXN_11627,ACC_645,18.46,5,Utilities,Domestic,12,0,1,366,6866.03,0.27,15.33,0.59,0,0.26,0
TXN_11628,ACC_330,198.93,5,Utilities,Domestic,17,0,1,949,4516.95,0.34,5.14,0.26,0,0.25,0
TXN_11629,ACC_324,151.34,3,Grocery,Domestic,20,0,0,1028,6568.67,0.24,12.83,0.58,0,0.29,0
TXN_11630,ACC_978,5969.06,26,Electronics,International_HighRisk,13,0,0,1718,5775.0,0.66,8.13,0.74,2,0.68,1
TXN_11631,ACC_290,7394.21,20,Crypto_Exchange,Domestic,20,0,0,1101,5105.27,0.68,14.39,0.91,6,0.78,1
TXN_11632,ACC_823,53.52,6,Luxury_Goods,Domestic,8,0,0,991,8776.3,0.32,7.98,0.21,1,0.22,0
TXN_11633,ACC_465,52.22,4,Grocery,International_LowRisk,10,0,0,2401,4399.12,0.43,4.51,0.18,0,0.39,0
TXN_11634,ACC_903,76.88,4,Travel,International_LowRisk,17,0,0,2969,8192.24,0.36,10.27,0.11,0,0.37,0
TXN_11635,ACC_667,7733.09,9,Crypto_Exchange,Domestic,8,0,0,2564,7371.09,0.72,14.29,0.87,4,0.63,1
TXN_11636,ACC_548,20.15,8,Utilities,Domestic,5,1,1,265,6832.97,0.26,9.64,0.3,0,0.19,0
TXN_11637,ACC_588,2196.88,31,Wire_Transfer,Domestic,21,0,0,2363,6423.35,0.49,11.8,0.97,3,0.77,1
TXN_11638,ACC_358,6705.62,21,Gambling,International_LowRisk,22,0,0,3160,8137.53,0.61,8.68,0.79,6,0.74,1
TXN_11639,ACC_236,326.68,5,Travel,Domestic,14,0,0,2364,4722.28,0.19,11.74,0.15,0,0.33,0
TXN_11640,ACC_620,1042.94,26,Gambling,Domestic,17,0,0,3563,6180.5,0.58,12.46,0.65,3,0.8,1
TXN_11641,ACC_106,94.41,2,Travel,Domestic,11,0,0,2199,8258.03,0.28,15.35,0.54,0,0.39,0
TXN_11642,ACC_265,47.25,3,Luxury_Goods,Domestic,19,0,0,150,4607.02,0.49,7.52,0.25,0,0.36,0
TXN_11643,ACC_606,383.03,7,Luxury_Goods,Domestic,3,1,0,1591,3439.44,0.34,12.82,0.45,0,0.03,0
TXN_11644,ACC_241,1241.02,30,Crypto_Exchange,Domestic,9,0,0,3630,6255.13,0.83,4.36,0.73,4,0.82,1
TXN_11645,ACC_358,41.74,6,Utilities,Domestic,12,0,1,2622,8669.0,0.23,12.9,0.31,2,0.1,0
TXN_11646,ACC_562,119.09,1,Luxury_Goods,Domestic,0,1,0,272,6449.62,0.21,13.83,0.45,2,0.04,0
TXN_11647,ACC_197,49.53,6,Grocery,Online_Unverified,16,0,1,143,6864.2,0.45,5.78,0.28,0,0.17,0
TXN_11648,ACC_681,4770.31,27,Electronics,International_HighRisk,5,1,1,774,4428.08,0.65,15.59,0.79,4,0.95,1
TXN_11649,ACC_648,103.32,6,Grocery,Domestic,21,0,0,1835,4993.59,0.39,13.83,0.39,0,0.2,0
TXN_11650,ACC_890,71.78,1,Grocery,Domestic,14,0,1,3280,6272.82,0.46,15.1,0.42,1,0.05,0
TXN_11651,ACC_926,11567.37,13,Gambling,Online_Unverified,3,1,0,2153,5558.49,0.6,11.52,0.65,5,0.94,1
TXN_11652,ACC_271,3762.73,27,Gambling,Domestic,19,0,1,1892,8742.38,0.65,9.81,0.95,3,0.74,1
TXN_11653,ACC_774,734.64,2,Utilities,Domestic,14,0,0,1527,7614.82,0.33,13.86,0.19,0,0.2,0
TXN_11654,ACC_937,162.73,8,Utilities,International_LowRisk,1,1,0,2731,7764.43,0.46,6.43,0.53,0,0.11,0
TXN_11655,ACC_959,989.25,18,Electronics,International_HighRisk,2,1,0,2336,6715.4,0.81,12.08,0.94,5,0.98,1
TXN_11656,ACC_688,109.59,5,Luxury_Goods,Domestic,17,0,0,1864,8496.44,0.33,12.1,0.47,0,0.03,0
TXN_11657,ACC_399,2944.54,23,Gambling,Domestic,13,0,0,2042,5703.11,0.56,16.16,0.71,1,0.79,1
TXN_11658,ACC_206,34.94,5,Grocery,Domestic,12,0,0,2892,5606.71,0.36,5.92,0.4,0,0.12,0
TXN_11659,ACC_951,204.42,3,Grocery,Online_Unverified,9,0,0,3057,5486.73,0.25,9.23,0.22,0,0.32,0
TXN_11660,ACC_128,113.33,1,Grocery,Domestic,6,0,0,2832,6979.75,0.36,8.09,0.32,0,0.08,0
TXN_11661,ACC_856,5814.51,30,Utilities,International_HighRisk,16,0,0,908,5634.72,0.79,15.35,0.76,1,0.93,1
TXN_11662,ACC_201,69.15,2,Utilities,Domestic,7,0,0,2058,10871.46,0.31,8.31,0.35,0,0.12,0
TXN_11663,ACC_755,157.0,2,Electronics,Domestic,12,0,1,49,8328.15,0.49,8.93,0.53,1,0.31,0
TXN_11664,ACC_775,4456.25,34,Crypto_Exchange,International_HighRisk,5,1,0,1552,4525.91,0.74,15.91,0.98,2,0.79,1
TXN_11665,ACC_957,231.2,5,Utilities,Domestic,19,0,1,1761,5089.78,0.31,4.25,0.51,1,0.36,0
TXN_11666,ACC_827,3098.13,28,Wire_Transfer,International_LowRisk,6,0,0,1146,3800.79,0.84,15.39,0.82,6,0.8,1
TXN_11667,ACC_519,36.17,4,Electronics,Domestic,13,0,0,2029,6729.88,0.28,11.15,0.31,0,0.15,0
TXN_11668,ACC_110,245.09,3,Electronics,Domestic,22,0,0,943,9354.66,0.4,9.44,0.17,0,0.32,0
TXN_11669,ACC_217,56.89,6,Grocery,Online_Unverified,15,0,1,3061,8172.97,0.27,13.62,0.34,0,0.03,0
TXN_11670,ACC_797,48.69,5,Luxury_Goods,International_LowRisk,9,0,0,1101,4364.55,0.15,15.71,0.52,1,0.03,0
TXN_11671,ACC_222,3957.44,25,Utilities,International_HighRisk,6,0,0,852,5435.71,0.45,11.65,0.73,4,0.73,1
TXN_11672,ACC_230,36.86,4,Utilities,Domestic,15,0,1,1619,5722.86,0.25,4.44,0.4,0,0.22,0
TXN_11673,ACC_880,19.56,8,Electronics,Domestic,13,0,0,1840,5866.64,0.26,9.66,0.47,0,0.02,0
TXN_11674,ACC_142,101.31,6,Electronics,Domestic,6,0,0,88,9248.97,0.19,10.95,0.24,0,0.29,0
TXN_11675,ACC_449,1885.92,14,Wire_Transfer,Domestic,5,1,0,261,8109.87,0.65,13.25,0.86,6,0.77,1
TXN_11676,ACC_500,161.88,3,Utilities,Online_Unverified,16,0,1,1405,10880.83,0.46,9.4,0.44,0,0.22,0
TXN_11677,ACC_549,78.88,5,Grocery,Domestic,7,0,0,617,8163.0,0.17,15.91,0.39,0,0.31,0
TXN_11678,ACC_425,21.68,1,Grocery,International_LowRisk,13,0,0,725,8096.18,0.27,5.13,0.31,0,0.24,0
TXN_11679,ACC_429,114.24,1,Utilities,Domestic,3,1,0,2334,8227.85,0.36,15.32,0.15,0,0.2,0
TXN_11680,ACC_496,78.21,1,Luxury_Goods,Domestic,7,0,0,332,8038.27,0.25,5.99,0.53,0,0.38,1
TXN_11681,ACC_943,2500.67,29,Gambling,Online_Unverified,20,0,0,1614,6631.58,0.68,5.31,0.84,5,0.76,1
TXN_11682,ACC_560,7338.94,19,Gambling,Domestic,15,0,0,1893,9825.86,0.5,15.98,0.97,6,0.72,1
TXN_11683,ACC_590,833.98,15,Gambling,Domestic,17,0,0,1204,6069.61,0.73,15.61,0.67,2,0.69,0
TXN_11684,ACC_278,122.08,6,Travel,Domestic,8,0,0,1798,8786.8,0.25,8.43,0.52,0,0.26,0
TXN_11685,ACC_247,298.67,7,Grocery,Domestic,17,0,0,2596,6797.56,0.47,9.12,0.59,0,0.36,0
TXN_11686,ACC_515,577.64,7,Utilities,Domestic,23,1,0,1413,6157.49,0.34,8.02,0.38,0,0.19,0
TXN_11687,ACC_508,24.36,4,Grocery,Domestic,7,0,1,3608,7667.77,0.2,9.11,0.5,0,0.36,0
TXN_11688,ACC_902,50.17,7,Electronics,Online_Unverified,17,0,0,1287,9068.21,0.34,11.62,0.45,0,0.35,0
TXN_11689,ACC_244,26.46,7,Utilities,Domestic,14,0,0,919,7810.47,0.22,9.05,0.2,0,0.19,0
TXN_11690,ACC_260,42.95,8,Electronics,Online_Unverified,13,0,1,875,7013.99,0.41,14.86,0.54,0,0.26,0
TXN_11691,ACC_783,107.29,3,Grocery,Online_Unverified,21,0,0,2385,6999.22,0.27,15.61,0.17,0,0.3,0
TXN_11692,ACC_302,263.86,3,Grocery,Domestic,7,0,0,2023,1618.59,0.28,7.63,0.19,0,0.06,0
TXN_11693,ACC_881,129.47,2,Electronics,International_LowRisk,1,1,0,65,6685.26,0.38,6.6,0.58,0,0.36,0
TXN_11694,ACC_990,3103.25,19,Grocery,International_HighRisk,10,0,0,3075,8985.73,0.54,8.6,0.9,2,0.82,1
TXN_11695,ACC_254,69.31,6,Travel,Domestic,2,1,0,3422,4825.24,0.41,11.15,0.32,0,0.38,0
TXN_11696,ACC_446,284.66,3,Luxury_Goods,Domestic,3,1,0,652,8291.59,0.23,4.93,0.57,1,0.2,0
TXN_11697,ACC_221,281.47,8,Utilities,International_LowRisk,5,1,0,1181,6967.73,0.39,8.78,0.6,0,0.34,0
TXN_11698,ACC_355,342.19,2,Travel,International_LowRisk,4,1,0,585,8829.98,0.31,11.06,0.37,0,0.18,0
TXN_11699,ACC_584,91.3,6,Utilities,Domestic,0,1,0,2425,4384.33,0.31,4.04,0.54,1,0.03,0
TXN_11700,ACC_558,1484.98,18,Wire_Transfer,Online_Unverified,21,0,0,1545,7021.53,0.81,6.69,0.68,1,0.87,1
TXN_11701,ACC_170,42.47,3,Grocery,International_LowRisk,21,0,0,3269,7074.55,0.42,6.35,0.11,0,0.08,0
TXN_11702,ACC_301,55.3,2,Travel,Domestic,22,0,0,3304,8387.43,0.24,13.15,0.58,0,0.2,0
TXN_11703,ACC_736,2525.92,16,Wire_Transfer,Domestic,5,1,0,2132,5226.31,0.48,13.07,0.8,2,0.72,1
TXN_11704,ACC_386,23.5,3,Travel,Online_Unverified,0,1,0,1008,7982.03,0.46,14.12,0.2,0,0.38,0
TXN_11705,ACC_369,427.52,8,Utilities,Domestic,1,1,1,1393,6026.93,0.28,6.07,0.46,0,0.2,0
TXN_11706,ACC_233,14569.53,8,Wire_Transfer,Online_Unverified,0,1,0,1589,3876.9,0.7,10.73,0.84,3,0.64,1
TXN_11707,ACC_304,4298.41,16,Gambling,Domestic,1,1,0,1566,4728.57,0.56,4.14,0.83,6,0.65,1
TXN_11708,ACC_443,48.3,6,Utilities,Domestic,13,0,0,1448,5250.33,0.33,15.1,0.22,0,0.27,0
TXN_11709,ACC_665,157.01,2,Grocery,Domestic,2,1,0,1335,7416.78,0.31,8.55,0.29,0,0.16,0
TXN_11710,ACC_216,244.56,3,Grocery,Domestic,3,1,1,660,4290.45,0.28,6.62,0.41,0,0.31,0
TXN_11711,ACC_342,5738.76,31,Luxury_Goods,International_HighRisk,0,1,0,3594,7456.28,0.53,6.86,0.72,3,0.79,1
TXN_11712,ACC_732,104.75,6,Grocery,Domestic,14,0,0,463,5345.54,0.46,14.85,0.39,0,0.19,0
TXN_11713,ACC_157,86.98,3,Luxury_Goods,Domestic,23,1,0,405,10467.41,0.36,5.93,0.31,0,0.02,1
TXN_11714,ACC_910,139.8,6,Electronics,Domestic,22,0,1,819,8014.35,0.27,12.87,0.48,0,0.08,0
TXN_11715,ACC_302,20.89,5,Luxury_Goods,Domestic,22,0,1,2454,7570.92,0.23,11.34,0.45,0,0.17,0
TXN_11716,ACC_162,67.35,4,Utilities,Domestic,2,1,1,3627,8918.02,0.32,12.73,0.4,0,0.2,0
TXN_11717,ACC_293,83.24,6,Electronics,International_LowRisk,2,1,1,962,8596.41,0.15,13.93,0.21,0,0.09,0
TXN_11718,ACC_750,1291.81,17,Crypto_Exchange,Domestic,13,0,0,1777,4823.65,0.82,12.83,0.82,2,0.97,1
TXN_11719,ACC_356,4985.93,29,Crypto_Exchange,International_LowRisk,16,0,1,1182,4645.25,0.45,13.83,0.72,3,0.63,1
TXN_11720,ACC_872,64.67,1,Grocery,Domestic,15,0,0,3379,9076.87,0.21,8.26,0.17,0,0.33,0
TXN_11721,ACC_790,78.01,2,Luxury_Goods,International_LowRisk,0,1,0,3189,8520.76,0.18,4.83,0.48,0,0.15,0
TXN_11722,ACC_470,357.39,6,Electronics,International_LowRisk,2,1,0,3070,5608.49,0.25,8.66,0.14,0,0.39,0
TXN_11723,ACC_479,194.74,4,Utilities,International_LowRisk,10,0,0,728,7777.09,0.42,15.12,0.42,0,0.24,0
TXN_11724,ACC_461,4717.48,35,Utilities,International_HighRisk,10,0,0,1929,9895.25,0.65,4.69,0.79,4,0.68,1
TXN_11725,ACC_989,11325.74,20,Wire_Transfer,Domestic,4,1,0,130,6662.55,0.65,6.86,0.88,4,0.65,1
TXN_11726,ACC_994,30.56,6,Grocery,Domestic,20,0,1,3271,8857.69,0.33,16.08,0.23,0,0.15,0
TXN_11727,ACC_276,117.67,7,Grocery,Online_Unverified,6,0,1,1139,6312.19,0.32,14.86,0.43,0,0.36,0
TXN_11728,ACC_122,56.37,4,Utilities,Domestic,17,0,1,2994,8826.0,0.36,15.11,0.53,0,0.06,0
TXN_11729,ACC_545,10222.43,11,Gambling,Domestic,21,0,1,1354,8960.92,0.6,7.51,0.82,1,0.62,1
TXN_11730,ACC_822,112.65,8,Utilities,Domestic,7,0,0,1735,7554.96,0.43,11.58,0.17,0,0.29,0
TXN_11731,ACC_415,373.38,7,Electronics,Domestic,9,0,0,2483,1988.42,0.33,4.82,0.15,0,0.14,0
TXN_11732,ACC_388,131.8,6,Grocery,Domestic,22,0,0,1969,7362.02,0.47,7.8,0.24,0,0.24,0
TXN_11733,ACC_557,86.68,6,Utilities,Domestic,10,0,0,1980,5100.8,0.48,8.84,0.15,0,0.22,0
TXN_11734,ACC_668,125.02,3,Grocery,International_LowRisk,22,0,1,3231,6081.25,0.17,7.56,0.45,2,0.21,0
TXN_11735,ACC_334,220.26,8,Luxury_Goods,International_LowRisk,7,0,0,1313,5627.47,0.18,11.65,0.53,1,0.04,0
TXN_11736,ACC_197,34.91,8,Utilities,Domestic,10,0,1,3011,8596.23,0.19,7.91,0.21,0,0.04,0
TXN_11737,ACC_560,101.68,6,Utilities,Domestic,8,0,0,271,3657.3,0.38,9.92,0.49,0,0.24,0
TXN_11738,ACC_328,79.24,3,Electronics,Domestic,19,0,0,1340,10004.58,0.15,12.14,0.22,0,0.34,0
TXN_11739,ACC_421,42.15,2,Electronics,Domestic,20,0,1,278,6476.01,0.18,11.62,0.53,0,0.36,0
TXN_11740,ACC_299,53.57,7,Utilities,Domestic,7,0,0,3522,4543.95,0.26,4.32,0.4,0,0.29,1
TXN_11741,ACC_367,181.43,7,Grocery,Domestic,0,1,0,1934,8543.93,0.3,14.8,0.52,0,0.09,0
TXN_11742,ACC_251,70.73,6,Utilities,Domestic,5,1,0,1150,6922.42,0.3,6.4,0.49,0,0.09,0
TXN_11743,ACC_302,296.74,6,Luxury_Goods,Domestic,5,1,0,537,9530.83,0.16,7.89,0.11,2,0.09,0
TXN_11744,ACC_434,61.28,7,Electronics,Domestic,10,0,0,2605,8792.97,0.17,15.61,0.44,0,0.14,0
TXN_11745,ACC_431,45.2,6,Utilities,Domestic,1,1,0,2358,9734.09,0.42,10.96,0.19,0,0.4,0
TXN_11746,ACC_623,245.04,2,Grocery,International_LowRisk,4,1,0,448,4959.15,0.32,8.42,0.36,0,0.13,0
TXN_11747,ACC_830,281.47,7,Grocery,International_LowRisk,11,0,0,314,4322.61,0.35,8.88,0.17,0,0.07,0
TXN_11748,ACC_658,366.51,2,Grocery,Domestic,12,0,0,1867,7622.95,0.41,9.6,0.43,0,0.11,0
TXN_11749,ACC_881,10205.52,29,Gambling,Domestic,7,0,1,129,8092.86,0.68,14.98,0.8,5,0.89,1
TXN_11750,ACC_153,67.97,4,Electronics,International_LowRisk,15,0,1,655,9827.97,0.16,4.54,0.21,0,0.13,0
TXN_11751,ACC_240,259.88,1,Utilities,Domestic,20,0,0,1216,6365.11,0.37,14.88,0.43,0,0.27,0
TXN_11752,ACC_785,68.45,1,Luxury_Goods,Domestic,2,1,1,2416,8887.22,0.24,11.05,0.45,0,0.37,0
TXN_11753,ACC_457,106.38,3,Luxury_Goods,Domestic,11,0,0,653,8243.11,0.26,12.45,0.4,0,0.06,0
TXN_11754,ACC_742,67.99,7,Luxury_Goods,Domestic,17,0,0,855,7154.34,0.49,7.17,0.44,0,0.21,0
TXN_11755,ACC_362,264.51,5,Grocery,Domestic,8,0,0,1854,7560.74,0.48,12.78,0.44,0,0.37,0
TXN_11756,ACC_767,20.15,1,Electronics,International_LowRisk,6,0,1,467,6260.88,0.31,11.08,0.34,0,0.36,0
TXN_11757,ACC_995,34.42,4,Grocery,International_LowRisk,23,1,0,3379,9684.05,0.16,13.98,0.52,1,0.19,0
TXN_11758,ACC_574,363.47,5,Grocery,International_LowRisk,18,0,0,127,5324.52,0.47,13.69,0.23,0,0.25,0
TXN_11759,ACC_321,3490.13,31,Crypto_Exchange,International_HighRisk,6,0,0,2978,9329.68,0.73,4.5,0.96,4,0.87,1
TXN_11760,ACC_435,73.61,8,Utilities,Domestic,5,1,0,1198,4751.6,0.16,5.67,0.18,0,0.17,0
TXN_11761,ACC_783,4220.9,8,Wire_Transfer,Domestic,19,0,1,2566,7788.62,0.59,6.09,0.98,1,0.91,1
TXN_11762,ACC_151,4926.07,20,Wire_Transfer,Online_Unverified,0,1,0,2356,6792.95,0.79,14.16,0.68,6,0.89,1
TXN_11763,ACC_263,19.08,7,Grocery,Domestic,20,0,1,1557,12815.54,0.27,7.35,0.12,0,0.05,0
TXN_11764,ACC_527,306.1,5,Electronics,Domestic,1,1,0,1901,8313.57,0.26,10.64,0.12,0,0.15,0
TXN_11765,ACC_919,2336.18,29,Gambling,Domestic,20,0,0,3635,9456.24,0.78,12.98,0.69,1,0.71,1
TXN_11766,ACC_587,74.72,5,Grocery,Domestic,23,1,1,2908,3535.21,0.31,12.08,0.38,0,0.36,0
TXN_11767,ACC_164,381.41,7,Luxury_Goods,Domestic,2,1,0,2067,2590.81,0.27,12.75,0.12,0,0.32,0
TXN_11768,ACC_576,225.03,2,Utilities,Online_Unverified,18,0,0,3619,5879.21,0.25,14.94,0.59,2,0.3,0
TXN_11769,ACC_388,189.61,5,Luxury_Goods,Domestic,8,0,1,800,6826.67,0.19,7.65,0.47,2,0.15,0
TXN_11770,ACC_558,4232.63,34,Crypto_Exchange,Online_Unverified,1,1,0,2319,9423.43,0.46,9.42,0.72,4,0.85,1
TXN_11771,ACC_819,116.14,6,Utilities,Domestic,23,1,1,1534,5749.78,0.34,13.33,0.56,0,0.35,0
TXN_11772,ACC_583,42.5,3,Utilities,Domestic,11,0,0,2648,9637.04,0.16,13.03,0.42,0,0.15,0
TXN_11773,ACC_278,231.61,3,Electronics,Domestic,11,0,0,3108,5030.66,0.45,8.05,0.32,0,0.17,0
TXN_11774,ACC_791,151.31,5,Utilities,Domestic,13,0,1,1393,8411.87,0.26,15.25,0.18,1,0.23,0
TXN_11775,ACC_760,154.84,1,Utilities,International_LowRisk,21,0,1,3551,7858.59,0.48,4.25,0.48,0,0.39,0
TXN_11776,ACC_248,148.32,3,Electronics,Domestic,23,1,1,3275,5079.73,0.45,14.68,0.27,2,0.19,0
TXN_11777,ACC_809,578.94,25,Utilities,International_HighRisk,3,1,0,2158,5471.82,0.62,15.79,0.77,1,0.84,1
TXN_11778,ACC_206,38.76,3,Electronics,Domestic,17,0,0,2831,8295.31,0.24,8.06,0.44,0,0.27,0
TXN_11779,ACC_442,231.07,7,Utilities,Domestic,11,0,0,3386,4766.23,0.34,14.54,0.26,0,0.31,0
TXN_11780,ACC_690,166.9,8,Utilities,Domestic,3,1,1,2872,6440.62,0.48,10.93,0.45,0,0.38,0
TXN_11781,ACC_292,3708.93,23,Luxury_Goods,International_HighRisk,16,0,0,325,7469.18,0.46,13.94,0.86,2,0.98,1
TXN_11782,ACC_811,120.2,4,Travel,Domestic,12,0,0,425,7034.95,0.18,12.34,0.6,0,0.27,0
TXN_11783,ACC_295,54.99,2,Grocery,Domestic,3,1,1,1883,7532.79,0.2,5.6,0.4,0,0.26,0
TXN_11784,ACC_532,1578.46,17,Gambling,International_LowRisk,0,1,0,1618,4009.9,0.65,15.76,0.76,3,0.93,1
TXN_11785,ACC_483,45.92,1,Grocery,Domestic,18,0,0,159,5086.66,0.41,4.31,0.4,0,0.16,0
TXN_11786,ACC_459,73.1,2,Grocery,International_LowRisk,12,0,0,2434,7939.2,0.38,4.55,0.46,0,0.07,0
TXN_11787,ACC_459,6840.31,23,Gambling,International_LowRisk,0,1,0,1975,3169.75,0.72,4.82,0.79,1,0.7,1
TXN_11788,ACC_358,76.59,2,Utilities,Domestic,23,1,0,3098,2496.52,0.29,9.29,0.56,0,0.31,0
TXN_11789,ACC_718,160.53,8,Travel,Domestic,9,0,0,1711,7442.78,0.3,5.38,0.23,0,0.38,0
TXN_11790,ACC_800,3958.5,22,Grocery,International_HighRisk,0,1,0,2086,9043.8,0.66,14.95,0.82,1,0.67,1
TXN_11791,ACC_285,89.5,1,Utilities,International_LowRisk,12,0,0,511,5948.21,0.46,6.34,0.22,0,0.12,0
TXN_11792,ACC_602,193.1,6,Grocery,Domestic,5,1,1,2843,4051.2,0.28,14.65,0.28,0,0.2,0
TXN_11793,ACC_957,111.83,3,Grocery,Domestic,7,0,1,209,7177.52,0.47,4.31,0.55,0,0.29,0
TXN_11794,ACC_328,71.75,8,Grocery,International_LowRisk,15,0,1,505,6243.2,0.25,7.78,0.24,0,0.36,0
TXN_11795,ACC_242,128.71,8,Grocery,Online_Unverified,19,0,0,3283,4384.97,0.46,15.66,0.46,0,0.18,0
TXN_11796,ACC_121,1575.18,11,Luxury_Goods,International_HighRisk,11,0,0,1970,7746.68,0.68,5.42,0.68,4,0.66,1
TXN_11797,ACC_134,32.93,2,Grocery,Domestic,13,0,1,2752,7629.55,0.36,7.28,0.24,0,0.13,0
TXN_11798,ACC_510,48.77,3,Utilities,Domestic,4,1,1,795,7868.97,0.46,6.5,0.1,0,0.39,0
TXN_11799,ACC_556,368.14,2,Electronics,Domestic,17,0,1,2718,3069.64,0.4,10.92,0.32,2,0.14,0
TXN_11800,ACC_523,172.43,3,Grocery,Domestic,6,0,1,1630,8151.85,0.31,5.65,0.11,0,0.03,1
TXN_11801,ACC_161,146.0,1,Utilities,Domestic,16,0,0,3353,4491.32,0.22,4.29,0.32,0,0.09,0
TXN_11802,ACC_349,683.7,23,Wire_Transfer,International_HighRisk,6,0,0,907,6753.65,0.73,4.85,0.7,4,0.97,1
TXN_11803,ACC_201,28.74,2,Grocery,Domestic,20,0,0,550,4522.94,0.48,8.45,0.33,0,0.21,0
TXN_11804,ACC_248,10786.91,10,Wire_Transfer,Domestic,16,0,0,704,10981.85,0.54,4.58,0.84,5,0.84,1
TXN_11805,ACC_352,363.46,4,Electronics,Domestic,20,0,0,1694,6101.87,0.19,15.08,0.32,0,0.13,0
TXN_11806,ACC_542,172.02,6,Grocery,Domestic,12,0,1,2513,6869.65,0.26,6.23,0.38,0,0.07,0
TXN_11807,ACC_330,250.23,7,Luxury_Goods,Domestic,19,0,0,3124,8406.02,0.21,8.54,0.3,0,0.17,0
TXN_11808,ACC_347,378.4,1,Electronics,Domestic,2,1,0,2330,5900.25,0.21,14.78,0.17,0,0.38,0
TXN_11809,ACC_895,74.86,5,Grocery,International_LowRisk,11,0,1,3334,5773.38,0.36,5.38,0.24,0,0.01,0
TXN_11810,ACC_449,321.27,8,Grocery,Domestic,10,0,0,1611,7093.15,0.42,9.36,0.39,0,0.3,0
TXN_11811,ACC_959,185.48,3,Electronics,International_LowRisk,21,0,0,402,7114.08,0.41,8.37,0.22,0,0.16,0
TXN_11812,ACC_450,320.71,5,Utilities,International_LowRisk,2,1,1,3612,6397.53,0.43,9.41,0.22,1,0.37,0
TXN_11813,ACC_625,314.43,4,Grocery,Online_Unverified,10,0,0,1284,5143.33,0.31,9.32,0.47,0,0.19,0
TXN_11814,ACC_443,184.02,4,Utilities,Domestic,8,0,0,3253,5271.71,0.25,10.02,0.44,0,0.25,0
TXN_11815,ACC_888,20.45,6,Electronics,Domestic,21,0,0,1925,8834.44,0.29,13.85,0.59,0,0.33,0
TXN_11816,ACC_277,50.14,4,Grocery,International_LowRisk,9,0,0,2624,9676.89,0.26,10.82,0.44,0,0.31,0
TXN_11817,ACC_287,1057.61,23,Wire_Transfer,International_HighRisk,11,0,1,1138,7110.3,0.62,6.4,0.94,6,0.78,1
TXN_11818,ACC_681,119.42,5,Utilities,Domestic,8,0,0,1572,8796.18,0.19,9.21,0.3,0,0.21,0
TXN_11819,ACC_502,24.07,8,Grocery,Domestic,8,0,0,2285,6111.02,0.26,13.47,0.31,1,0.05,0
TXN_11820,ACC_383,105.67,7,Utilities,Domestic,8,0,1,2035,7831.76,0.48,10.63,0.23,0,0.28,0
TXN_11821,ACC_587,228.57,6,Utilities,Domestic,4,1,1,253,6475.95,0.39,6.41,0.15,0,0.15,0
TXN_11822,ACC_171,133.46,2,Grocery,Domestic,8,0,1,2842,6020.89,0.44,10.35,0.33,1,0.39,0
TXN_11823,ACC_140,2897.02,27,Wire_Transfer,Domestic,0,1,1,1165,7306.6,0.76,6.8,0.94,6,0.96,1
TXN_11824,ACC_391,85.42,5,Utilities,Domestic,19,0,0,1478,2848.68,0.46,9.18,0.52,1,0.2,0
TXN_11825,ACC_255,17.14,7,Grocery,Domestic,7,0,1,2554,6358.19,0.37,16.32,0.19,0,0.35,1
TXN_11826,ACC_264,27.74,2,Grocery,International_LowRisk,8,0,0,3492,5829.67,0.47,14.87,0.25,0,0.18,0
TXN_11827,ACC_347,47.57,5,Utilities,Domestic,5,1,0,1008,6295.79,0.27,5.67,0.41,0,0.04,0
TXN_11828,ACC_545,154.15,4,Electronics,Domestic,12,0,0,365,6575.11,0.17,6.69,0.53,0,0.09,0
TXN_11829,ACC_554,800.19,7,Utilities,International_LowRisk,12,0,0,3163,9483.35,0.21,7.93,0.45,0,0.18,0
TXN_11830,ACC_789,226.86,1,Utilities,International_LowRisk,16,0,0,2551,7949.66,0.35,11.21,0.29,0,0.25,0
TXN_11831,ACC_552,36.72,7,Electronics,Domestic,22,0,1,1684,6285.24,0.29,15.75,0.27,0,0.17,0
TXN_11832,ACC_421,56.72,4,Utilities,Domestic,22,0,0,3625,9711.36,0.34,10.84,0.49,0,0.17,0
TXN_11833,ACC_124,21.58,8,Electronics,Domestic,20,0,0,119,7894.48,0.5,12.45,0.24,0,0.17,0
TXN_11834,ACC_453,65.03,7,Utilities,Domestic,13,0,0,1074,5804.95,0.46,6.0,0.52,0,0.22,0
TXN_11835,ACC_375,64.78,4,Utilities,Online_Unverified,15,0,1,2671,5817.81,0.36,13.25,0.12,1,0.14,0
TXN_11836,ACC_643,3958.2,32,Crypto_Exchange,International_HighRisk,12,0,0,398,8543.93,0.73,14.68,0.7,2,0.75,1
TXN_11837,ACC_824,4552.65,16,Gambling,Domestic,22,0,0,2181,9564.76,0.48,5.38,0.72,1,0.61,1
TXN_11838,ACC_361,233.67,3,Utilities,Domestic,13,0,1,1306,7341.07,0.49,5.05,0.44,0,0.23,0
TXN_11839,ACC_168,292.79,3,Grocery,Domestic,1,1,0,1956,6528.57,0.45,11.43,0.3,0,0.06,0
TXN_11840,ACC_271,4810.27,10,Grocery,International_HighRisk,6,0,0,3195,8321.89,0.77,10.02,0.69,1,0.92,1
TXN_11841,ACC_203,86.88,8,Grocery,International_LowRisk,17,0,1,1541,7711.03,0.48,6.25,0.35,0,0.18,0
TXN_11842,ACC_256,169.54,3,Utilities,Domestic,0,1,0,2132,6628.82,0.36,11.06,0.44,0,0.33,0
TXN_11843,ACC_612,251.73,8,Utilities,Domestic,4,1,1,571,3453.66,0.45,14.87,0.16,0,0.33,0
TXN_11844,ACC_723,2479.87,22,Crypto_Exchange,Domestic,8,0,0,2939,5437.18,0.45,10.19,0.74,2,0.92,1
TXN_11845,ACC_212,27.67,2,Luxury_Goods,Domestic,19,0,0,586,6004.09,0.31,13.77,0.24,2,0.3,1
TXN_11846,ACC_571,34.73,7,Utilities,Domestic,12,0,0,1941,5540.06,0.39,14.14,0.56,1,0.26,0
TXN_11847,ACC_632,28.85,7,Utilities,International_LowRisk,22,0,0,2174,9295.69,0.4,9.18,0.55,0,0.11,0
TXN_11848,ACC_270,20.47,6,Utilities,Domestic,1,1,1,503,8882.35,0.32,15.25,0.44,0,0.32,0
TXN_11849,ACC_522,64.17,4,Utilities,Domestic,0,1,0,912,4302.64,0.43,6.69,0.54,0,0.12,0
TXN_11850,ACC_753,143.13,3,Luxury_Goods,Domestic,18,0,0,1266,6589.14,0.48,14.07,0.52,0,0.16,0
TXN_11851,ACC_245,71.89,7,Grocery,Domestic,14,0,1,1935,6309.7,0.21,15.29,0.28,0,0.32,0
TXN_11852,ACC_309,47.77,3,Utilities,Domestic,1,1,1,444,5723.04,0.16,13.82,0.58,1,0.09,0
TXN_11853,ACC_154,61.52,2,Utilities,Online_Unverified,20,0,0,1483,3081.55,0.2,4.81,0.56,0,0.02,0
TXN_11854,ACC_664,21.15,6,Utilities,Online_Unverified,15,0,1,2105,7283.4,0.42,10.07,0.14,0,0.06,0
TXN_11855,ACC_203,65.39,4,Grocery,International_LowRisk,8,0,1,1550,7736.14,0.47,8.0,0.56,0,0.17,0
TXN_11856,ACC_513,72.58,5,Grocery,International_LowRisk,11,0,0,3311,7193.05,0.32,9.01,0.41,0,0.25,0
TXN_11857,ACC_226,15485.81,9,Wire_Transfer,International_LowRisk,13,0,0,3222,5518.78,0.74,8.41,0.79,6,0.92,1
TXN_11858,ACC_661,76.9,3,Luxury_Goods,Domestic,2,1,0,1577,5934.48,0.28,11.26,0.51,1,0.02,0
TXN_11859,ACC_831,24.22,4,Utilities,International_LowRisk,8,0,1,1602,3597.55,0.36,14.73,0.54,0,0.08,0
TXN_11860,ACC_325,804.54,4,Grocery,Domestic,4,1,1,3412,4651.46,0.42,8.44,0.5,0,0.26,0
TXN_11861,ACC_537,117.47,2,Utilities,Domestic,6,0,1,183,4699.68,0.16,6.91,0.44,0,0.33,0
TXN_11862,ACC_594,298.09,8,Luxury_Goods,Domestic,5,1,0,2771,5673.1,0.26,11.71,0.21,0,0.02,0
TXN_11863,ACC_450,106.65,5,Electronics,Online_Unverified,15,0,0,2274,2963.89,0.23,15.85,0.18,0,0.1,0
TXN_11864,ACC_933,89.8,5,Luxury_Goods,International_LowRisk,10,0,0,3217,6539.09,0.27,12.17,0.46,0,0.03,0
TXN_11865,ACC_331,1647.79,24,Crypto_Exchange,Domestic,8,0,0,2073,4823.28,0.82,9.8,0.9,3,0.82,1
TXN_11866,ACC_841,329.36,5,Travel,Domestic,18,0,0,636,4074.69,0.2,10.19,0.14,0,0.36,0
TXN_11867,ACC_964,894.6,12,Luxury_Goods,International_HighRisk,7,0,0,2886,9159.59,0.7,14.7,0.7,1,0.73,0
TXN_11868,ACC_471,29.99,2,Utilities,Domestic,18,0,0,2582,3148.84,0.22,9.03,0.3,0,0.28,0
TXN_11869,ACC_778,24.48,7,Grocery,Domestic,1,1,0,1968,12036.75,0.26,11.12,0.23,0,0.28,0
TXN_11870,ACC_441,2349.64,23,Gambling,Domestic,7,0,0,2440,5996.9,0.5,5.3,0.9,4,0.68,1
TXN_11871,ACC_319,4834.31,33,Utilities,International_HighRisk,9,0,1,1406,10074.48,0.64,11.79,0.75,2,0.68,1
TXN_11872,ACC_263,139.07,2,Electronics,Domestic,2,1,1,64,5632.02,0.26,9.47,0.25,0,0.29,0
TXN_11873,ACC_538,59.09,1,Utilities,Domestic,22,0,0,757,5574.53,0.21,10.67,0.51,0,0.39,0
TXN_11874,ACC_398,249.23,6,Travel,Domestic,21,0,0,388,5885.9,0.29,10.35,0.21,0,0.3,0
TXN_11875,ACC_417,214.42,1,Grocery,Domestic,18,0,1,3394,5155.21,0.33,11.07,0.55,0,0.34,0
TXN_11876,ACC_908,49.31,5,Grocery,Domestic,15,0,1,2184,7173.0,0.24,4.65,0.42,0,0.18,0
TXN_11877,ACC_727,16.23,3,Grocery,Domestic,19,0,0,2896,4980.4,0.19,16.33,0.1,0,0.02,0
TXN_11878,ACC_608,58.84,6,Electronics,International_LowRisk,1,1,0,2876,5079.97,0.45,12.48,0.37,0,0.06,0
TXN_11879,ACC_563,57.13,7,Utilities,Domestic,9,0,0,993,8160.32,0.4,14.88,0.46,0,0.23,0
TXN_11880,ACC_967,118.8,3,Grocery,Domestic,7,0,0,270,7245.68,0.44,4.07,0.42,0,0.18,0
TXN_11881,ACC_220,594.35,2,Grocery,Online_Unverified,4,1,1,1392,6240.65,0.46,5.66,0.34,0,0.08,0
TXN_11882,ACC_693,75.32,5,Grocery,Domestic,13,0,1,889,3426.94,0.28,16.41,0.28,1,0.08,0
TXN_11883,ACC_771,646.39,1,Grocery,Domestic,6,0,0,3524,5602.18,0.17,7.01,0.46,0,0.05,0
TXN_11884,ACC_498,101.97,6,Grocery,Domestic,21,0,0,3371,5687.78,0.41,7.87,0.21,0,0.23,0
TXN_11885,ACC_824,321.33,3,Utilities,Domestic,18,0,0,3238,5351.03,0.43,8.25,0.32,0,0.27,0
TXN_11886,ACC_356,344.78,3,Utilities,Domestic,10,0,1,2503,8243.41,0.31,14.02,0.12,0,0.07,0
TXN_11887,ACC_384,5669.34,8,Gambling,International_LowRisk,13,0,1,1507,9293.52,0.49,5.17,0.83,6,0.96,1
TXN_11888,ACC_828,37.74,8,Grocery,International_LowRisk,10,0,1,2082,7389.94,0.46,12.38,0.4,0,0.01,0
TXN_11889,ACC_251,497.35,5,Grocery,International_LowRisk,23,1,0,2195,7718.48,0.43,15.01,0.55,0,0.03,0
TXN_11890,ACC_727,5460.91,22,Gambling,Domestic,23,1,0,2450,5836.27,0.66,8.46,0.69,6,0.82,1
TXN_11891,ACC_660,203.55,6,Grocery,Online_Unverified,14,0,1,2443,5709.91,0.16,5.02,0.56,0,0.31,0
TXN_11892,ACC_910,573.73,27,Grocery,International_HighRisk,13,0,0,975,7118.09,0.84,8.98,0.86,5,0.85,1
TXN_11893,ACC_422,1911.64,28,Crypto_Exchange,Domestic,8,0,0,3375,5853.85,0.82,11.94,0.92,1,0.84,1
TXN_11894,ACC_334,247.8,4,Electronics,Domestic,12,0,1,3394,9171.14,0.21,4.0,0.21,0,0.2,0
TXN_11895,ACC_506,167.0,5,Grocery,Domestic,2,1,0,2268,2370.27,0.25,12.43,0.22,0,0.05,0
TXN_11896,ACC_116,21.87,1,Utilities,Online_Unverified,20,0,0,2406,8943.61,0.27,7.7,0.35,0,0.06,0
TXN_11897,ACC_777,23.33,7,Electronics,International_LowRisk,7,0,0,1375,4908.56,0.19,12.77,0.45,0,0.36,0
TXN_11898,ACC_771,184.43,4,Grocery,International_LowRisk,2,1,0,114,9992.98,0.3,4.14,0.34,1,0.31,0
TXN_11899,ACC_867,328.35,7,Luxury_Goods,Domestic,9,0,0,1776,7773.82,0.47,14.29,0.2,0,0.25,0
TXN_11900,ACC_267,46.51,2,Utilities,International_LowRisk,9,0,0,667,5549.75,0.25,14.89,0.59,0,0.05,0
TXN_11901,ACC_973,514.47,33,Gambling,Online_Unverified,2,1,0,763,7747.05,0.55,4.97,0.8,3,0.61,1
TXN_11902,ACC_216,36.3,8,Luxury_Goods,Domestic,16,0,0,2001,10110.83,0.43,9.2,0.19,0,0.16,0
TXN_11903,ACC_384,26.77,7,Luxury_Goods,Domestic,2,1,0,2263,7617.39,0.2,15.56,0.15,0,0.2,0
TXN_11904,ACC_842,225.02,3,Grocery,Online_Unverified,2,1,0,686,5690.72,0.34,13.02,0.24,0,0.14,0
TXN_11905,ACC_806,616.99,6,Utilities,Domestic,20,0,0,3276,7084.3,0.39,12.48,0.12,1,0.06,0
TXN_11906,ACC_206,11278.1,14,Crypto_Exchange,International_LowRisk,12,0,1,2641,7060.47,0.84,14.59,0.95,5,0.8,1
TXN_11907,ACC_595,59.49,4,Luxury_Goods,International_LowRisk,2,1,0,3228,8225.51,0.31,5.19,0.37,0,0.09,0
TXN_11908,ACC_889,61.41,1,Utilities,Domestic,11,0,1,800,4839.86,0.21,14.76,0.41,0,0.16,1
TXN_11909,ACC_463,86.21,7,Grocery,International_LowRisk,11,0,0,60,4555.68,0.25,8.9,0.33,0,0.37,0
TXN_11910,ACC_982,121.78,2,Utilities,Domestic,3,1,0,1969,6659.16,0.42,15.83,0.19,0,0.12,0
TXN_11911,ACC_664,27.7,6,Luxury_Goods,Domestic,19,0,0,2229,5736.74,0.16,15.73,0.58,0,0.07,0
TXN_11912,ACC_400,60.74,3,Grocery,Domestic,9,0,0,3371,7980.25,0.23,13.67,0.14,0,0.27,0
TXN_11913,ACC_256,3132.81,19,Grocery,International_HighRisk,2,1,0,2070,7262.49,0.8,16.0,0.79,1,0.96,1
TXN_11914,ACC_415,62.9,6,Luxury_Goods,Domestic,0,1,0,411,6418.79,0.22,11.8,0.52,0,0.36,0
TXN_11915,ACC_637,764.11,16,Electronics,International_HighRisk,11,0,1,1333,9367.27,0.48,14.69,0.71,3,0.93,1
TXN_11916,ACC_226,454.08,5,Grocery,Domestic,2,1,1,3145,2780.67,0.41,11.06,0.13,0,0.18,0
TXN_11917,ACC_654,2579.04,26,Gambling,Domestic,22,0,0,2266,7043.37,0.59,14.96,0.82,6,0.72,1
TXN_11918,ACC_404,3244.92,32,Gambling,International_LowRisk,3,1,0,1307,9681.59,0.67,6.59,0.93,1,0.69,1
TXN_11919,ACC_999,132.22,3,Utilities,International_LowRisk,8,0,0,2439,5539.57,0.31,8.95,0.52,0,0.15,1
TXN_11920,ACC_588,14810.96,16,Grocery,International_HighRisk,12,0,0,2450,7037.7,0.56,8.12,0.7,2,0.92,1
TXN_11921,ACC_674,4178.03,28,Wire_Transfer,Domestic,10,0,1,2900,5964.47,0.65,5.55,0.9,5,0.9,1
TXN_11922,ACC_987,3408.94,30,Grocery,International_HighRisk,15,0,1,723,9145.41,0.68,12.09,0.91,2,0.97,1
TXN_11923,ACC_855,9835.62,21,Travel,International_HighRisk,16,0,1,2821,5692.59,0.84,9.8,0.76,1,0.77,1
TXN_11924,ACC_635,2376.97,14,Wire_Transfer,Domestic,23,1,0,2272,8158.3,0.61,14.94,0.97,4,0.66,1
TXN_11925,ACC_343,40.19,5,Grocery,Domestic,21,0,0,1686,10195.73,0.42,4.65,0.11,0,0.22,0
TXN_11926,ACC_521,1329.63,11,Gambling,Domestic,7,0,0,1751,8881.06,0.7,11.08,0.75,6,0.63,0
TXN_11927,ACC_719,128.66,5,Utilities,Online_Unverified,12,0,0,2391,4122.12,0.24,6.22,0.24,0,0.22,0
TXN_11928,ACC_756,262.66,1,Electronics,Online_Unverified,7,0,1,1053,7383.52,0.29,7.27,0.43,0,0.3,0
TXN_11929,ACC_848,481.19,2,Grocery,Domestic,6,0,1,2699,4903.59,0.45,9.33,0.25,0,0.32,0
TXN_11930,ACC_213,1220.08,22,Crypto_Exchange,Domestic,3,1,0,632,8537.07,0.56,14.25,0.89,2,0.64,1
TXN_11931,ACC_841,666.38,7,Electronics,Domestic,11,0,0,2155,7842.54,0.43,8.36,0.34,0,0.04,0
TXN_11932,ACC_554,2617.04,19,Electronics,International_HighRisk,4,1,1,3593,7992.05,0.58,15.54,0.97,2,0.83,1
TXN_11933,ACC_781,1598.41,16,Wire_Transfer,International_LowRisk,15,0,0,230,3555.29,0.64,7.43,0.87,4,0.99,1
TXN_11934,ACC_358,29.46,1,Grocery,Domestic,1,1,0,2177,7967.9,0.42,11.6,0.27,0,0.05,0
TXN_11935,ACC_523,27.99,7,Grocery,Domestic,9,0,1,1968,4527.12,0.49,9.92,0.4,0,0.34,0
TXN_11936,ACC_642,140.46,8,Grocery,Domestic,9,0,0,3568,7533.65,0.2,7.15,0.11,0,0.02,0
TXN_11937,ACC_588,82.36,3,Travel,Domestic,15,0,1,990,3279.47,0.39,4.17,0.17,0,0.2,0
TXN_11938,ACC_493,24.7,3,Grocery,Online_Unverified,16,0,0,2984,8006.38,0.28,11.85,0.18,0,0.16,0
TXN_11939,ACC_360,110.09,5,Electronics,Domestic,21,0,0,113,7315.38,0.36,10.92,0.27,0,0.1,0
TXN_11940,ACC_209,68.99,3,Grocery,Domestic,7,0,0,2194,7662.0,0.16,16.35,0.54,0,0.15,1
TXN_11941,ACC_120,146.01,6,Grocery,International_LowRisk,17,0,0,822,4554.34,0.36,7.47,0.12,0,0.28,0
TXN_11942,ACC_850,280.22,5,Grocery,International_LowRisk,8,0,0,2605,6424.87,0.18,12.93,0.31,0,0.22,0
TXN_11943,ACC_962,160.62,8,Travel,Domestic,11,0,1,1033,3646.7,0.3,15.77,0.36,0,0.25,0
TXN_11944,ACC_978,121.64,8,Grocery,Domestic,7,0,0,2333,7498.22,0.43,6.02,0.32,0,0.13,1
TXN_11945,ACC_178,1712.72,9,Grocery,International_HighRisk,7,0,0,1943,7224.9,0.77,4.85,0.75,2,0.87,1
TXN_11946,ACC_522,16.52,8,Utilities,International_LowRisk,3,1,0,934,5480.21,0.27,6.91,0.39,0,0.36,0
TXN_11947,ACC_323,130.13,7,Utilities,Domestic,0,1,0,1178,4773.62,0.49,10.14,0.6,0,0.21,0
TXN_11948,ACC_560,4515.24,10,Wire_Transfer,Domestic,7,0,0,3270,10580.27,0.48,4.92,0.76,3,0.64,1
TXN_11949,ACC_712,41.15,5,Utilities,International_LowRisk,7,0,1,2722,5277.83,0.32,10.88,0.49,0,0.2,0
TXN_11950,ACC_846,1607.58,18,Grocery,International_HighRisk,6,0,0,393,6018.55,0.49,6.65,0.97,1,0.84,1
TXN_11951,ACC_615,91.89,6,Electronics,Online_Unverified,8,0,1,3115,8746.85,0.46,13.7,0.49,1,0.39,0
TXN_11952,ACC_812,106.91,5,Grocery,International_LowRisk,20,0,0,3398,7853.99,0.26,11.01,0.4,0,0.32,0
TXN_11953,ACC_855,106.5,5,Grocery,Domestic,6,0,1,2740,5810.03,0.29,13.71,0.59,0,0.33,0
TXN_11954,ACC_733,70.71,5,Grocery,Domestic,23,1,1,1798,6954.06,0.36,5.49,0.28,0,0.03,0
TXN_11955,ACC_164,9521.17,19,Crypto_Exchange,Domestic,12,0,1,2213,4445.5,0.73,13.26,0.96,1,0.63,1
TXN_11956,ACC_279,3719.91,13,Electronics,International_HighRisk,3,1,1,329,3297.64,0.65,16.37,0.78,2,0.86,1
TXN_11957,ACC_257,43.88,5,Utilities,Domestic,22,0,0,2953,4940.39,0.42,5.02,0.25,0,0.17,0
TXN_11958,ACC_793,16.38,6,Utilities,Online_Unverified,18,0,0,674,8483.85,0.5,9.87,0.31,1,0.18,0
TXN_11959,ACC_708,50.55,8,Utilities,Domestic,14,0,0,1095,6038.43,0.36,15.8,0.35,0,0.36,0
TXN_11960,ACC_851,3616.37,20,Luxury_Goods,International_HighRisk,6,0,0,1934,4906.03,0.81,7.42,0.86,5,0.73,1
TXN_11961,ACC_193,2962.02,9,Wire_Transfer,Domestic,22,0,1,3048,9615.81,0.74,8.39,0.71,2,0.97,1
TXN_11962,ACC_817,1818.46,28,Utilities,International_HighRisk,17,0,0,2948,8485.26,0.62,6.35,0.72,5,0.87,1
TXN_11963,ACC_855,529.19,15,Crypto_Exchange,Domestic,5,1,0,1015,7017.78,0.84,6.51,0.79,2,0.98,1
TXN_11964,ACC_151,202.32,2,Utilities,International_LowRisk,2,1,1,2231,4368.39,0.47,6.43,0.16,0,0.32,0
TXN_11965,ACC_367,128.91,8,Grocery,Domestic,5,1,1,870,4998.75,0.48,6.35,0.54,1,0.39,0
TXN_11966,ACC_908,98.3,8,Grocery,International_LowRisk,16,0,1,2982,5900.9,0.38,8.04,0.18,0,0.32,0
TXN_11967,ACC_182,65.08,6,Luxury_Goods,Domestic,5,1,0,3165,7337.03,0.43,4.8,0.33,0,0.27,1
TXN_11968,ACC_127,40.89,6,Luxury_Goods,International_LowRisk,23,1,1,3070,5506.7,0.24,8.09,0.53,0,0.27,0
TXN_11969,ACC_699,107.43,2,Grocery,International_LowRisk,15,0,0,2237,6264.04,0.42,13.69,0.51,0,0.09,0
TXN_11970,ACC_158,64.38,3,Luxury_Goods,International_LowRisk,19,0,1,1311,4186.01,0.36,5.91,0.13,2,0.26,0
TXN_11971,ACC_217,228.05,5,Luxury_Goods,Domestic,9,0,0,2265,6246.67,0.44,8.63,0.24,0,0.15,0
TXN_11972,ACC_714,55.22,2,Electronics,Domestic,9,0,0,3406,5397.77,0.17,12.93,0.48,0,0.37,0
TXN_11973,ACC_613,104.92,7,Electronics,Domestic,12,0,0,210,1500.0,0.35,9.7,0.26,0,0.36,0
TXN_11974,ACC_102,1305.72,18,Electronics,International_HighRisk,12,0,0,1510,7067.58,0.83,7.26,0.8,1,0.89,1
TXN_11975,ACC_841,152.77,2,Utilities,Domestic,12,0,0,641,5584.65,0.45,11.5,0.43,0,0.38,0
TXN_11976,ACC_623,35.39,5,Grocery,Domestic,21,0,1,3245,8642.95,0.41,10.6,0.22,0,0.22,0
TXN_11977,ACC_847,78.57,7,Grocery,International_LowRisk,20,0,0,1710,8145.36,0.18,6.67,0.6,0,0.11,0
TXN_11978,ACC_728,444.25,3,Electronics,International_LowRisk,0,1,0,278,7170.63,0.19,11.16,0.15,0,0.07,0
TXN_11979,ACC_148,5814.98,11,Gambling,International_HighRisk,8,0,0,2197,6269.62,0.62,12.49,0.97,5,0.74,1
TXN_11980,ACC_856,229.22,3,Grocery,International_LowRisk,8,0,0,1970,4133.83,0.24,12.07,0.4,0,0.19,0
TXN_11981,ACC_354,527.0,2,Utilities,Domestic,6,0,0,1022,2355.73,0.35,6.27,0.54,0,0.03,0
TXN_11982,ACC_167,48.64,3,Grocery,Domestic,21,0,0,2672,6090.14,0.47,6.9,0.41,0,0.33,0
TXN_11983,ACC_848,30.5,7,Grocery,Domestic,0,1,1,564,4321.31,0.5,14.96,0.35,0,0.01,0
TXN_11984,ACC_842,5826.95,32,Crypto_Exchange,Domestic,3,1,0,366,8716.89,0.57,5.87,0.92,3,0.61,1
TXN_11985,ACC_573,1398.14,28,Wire_Transfer,International_HighRisk,9,0,0,671,7545.04,0.57,16.38,0.79,4,0.78,1
TXN_11986,ACC_463,5764.49,9,Gambling,Domestic,9,0,0,1681,5193.73,0.54,5.71,0.73,2,0.72,1
TXN_11987,ACC_907,111.18,3,Grocery,International_LowRisk,10,0,0,3574,4502.36,0.39,12.52,0.45,0,0.25,0
TXN_11988,ACC_123,66.59,5,Electronics,Domestic,9,0,0,2131,4055.27,0.25,5.1,0.29,1,0.09,0
TXN_11989,ACC_934,227.73,2,Utilities,Online_Unverified,0,1,0,2307,4843.64,0.17,8.92,0.21,0,0.34,0
TXN_11990,ACC_631,22.95,3,Grocery,Online_Unverified,10,0,0,3436,7871.31,0.43,6.59,0.5,0,0.1,0
TXN_11991,ACC_789,64.12,5,Electronics,Domestic,21,0,0,915,7611.48,0.5,13.57,0.14,0,0.06,0
TXN_11992,ACC_883,6915.72,18,Crypto_Exchange,Domestic,16,0,1,530,10608.18,0.52,12.19,0.66,6,0.91,1
TXN_11993,ACC_504,2149.27,30,Luxury_Goods,International_HighRisk,3,1,1,1892,7259.4,0.83,8.02,0.87,5,0.98,1
TXN_11994,ACC_638,16469.0,27,Utilities,International_HighRisk,3,1,0,1017,5877.07,0.77,9.41,0.82,2,0.66,1
TXN_11995,ACC_707,90.75,7,Grocery,International_LowRisk,15,0,1,954,4281.09,0.36,4.2,0.31,0,0.39,0
TXN_11996,ACC_516,3634.87,27,Wire_Transfer,International_LowRisk,2,1,0,2064,9925.42,0.7,6.36,0.65,5,0.6,1
TXN_11997,ACC_876,40.57,7,Travel,Online_Unverified,3,1,0,2980,7011.95,0.26,12.27,0.13,0,0.26,0
TXN_11998,ACC_108,168.24,1,Grocery,Domestic,0,1,0,1400,4261.5,0.18,9.33,0.14,0,0.11,0
TXN_11999,ACC_214,10705.63,15,Utilities,International_HighRisk,16,0,0,1575,9725.74,0.49,12.04,0.73,6,0.68,1
TXN_12000,ACC_441,251.91,2,Utilities,International_LowRisk,8,0,0,1731,8393.24,0.25,12.28,0.17,2,0.2,0
TXN_12001,ACC_735,128.96,3,Electronics,Domestic,19,0,0,342,6936.68,0.37,13.73,0.44,1,0.22,0
TXN_12002,ACC_172,1500.86,17,Crypto_Exchange,International_HighRisk,20,0,0,2238,8435.86,0.6,13.74,0.95,1,0.86,1
TXN_12003,ACC_399,169.83,1,Grocery,Domestic,15,0,0,3128,3062.14,0.2,4.44,0.39,0,0.03,0
TXN_12004,ACC_299,108.61,3,Grocery,International_LowRisk,6,0,0,1878,8593.91,0.43,15.44,0.15,0,0.16,0
TXN_12005,ACC_445,184.56,5,Utilities,Domestic,1,1,0,2225,7813.8,0.24,15.85,0.21,0,0.33,0
TXN_12006,ACC_865,166.41,6,Grocery,Domestic,0,1,0,1649,5055.31,0.29,9.32,0.42,0,0.35,0
TXN_12007,ACC_909,24.4,3,Luxury_Goods,Domestic,3,1,1,3497,10544.35,0.3,7.47,0.45,0,0.02,1
TXN_12008,ACC_143,2761.2,14,Gambling,International_HighRisk,1,1,0,1629,10162.35,0.78,9.64,0.78,3,0.78,1
TXN_12009,ACC_507,3739.05,29,Wire_Transfer,Domestic,0,1,0,327,4720.31,0.81,15.37,0.94,4,0.95,1
TXN_12010,ACC_428,4166.81,16,Gambling,Domestic,5,1,0,1487,4578.44,0.51,11.88,0.69,3,0.63,1
TXN_12011,ACC_153,5153.56,11,Crypto_Exchange,Domestic,5,1,0,2595,4358.67,0.53,8.48,0.96,4,0.94,1
TXN_12012,ACC_967,310.34,4,Utilities,International_LowRisk,20,0,0,3435,4931.36,0.32,4.36,0.47,2,0.23,0
TXN_12013,ACC_867,22.96,1,Travel,Domestic,9,0,0,1862,8190.55,0.23,9.15,0.46,0,0.22,0
TXN_12014,ACC_450,179.65,3,Grocery,Domestic,21,0,0,898,7707.56,0.42,16.4,0.44,0,0.17,0
TXN_12015,ACC_483,65.85,8,Electronics,Domestic,3,1,0,103,7551.87,0.22,8.93,0.18,0,0.17,0
TXN_12016,ACC_148,38.79,5,Utilities,Online_Unverified,18,0,0,774,6987.78,0.25,6.92,0.33,0,0.12,0
TXN_12017,ACC_831,174.81,7,Travel,Online_Unverified,18,0,0,2922,7824.34,0.43,12.36,0.37,0,0.01,0
TXN_12018,ACC_740,142.71,5,Utilities,International_LowRisk,12,0,0,2658,3502.73,0.44,13.48,0.27,0,0.18,0
TXN_12019,ACC_714,61.5,5,Luxury_Goods,International_LowRisk,14,0,1,3239,5305.24,0.18,8.21,0.14,0,0.05,0
TXN_12020,ACC_493,182.9,2,Electronics,Domestic,4,1,0,3193,6720.84,0.41,7.07,0.48,0,0.12,0
TXN_12021,ACC_417,171.6,4,Electronics,International_LowRisk,6,0,0,3467,8145.98,0.22,12.0,0.3,0,0.3,0
TXN_12022,ACC_939,37.78,1,Grocery,International_LowRisk,13,0,0,2895,6583.08,0.36,13.18,0.31,0,0.28,0
TXN_12023,ACC_671,101.82,7,Utilities,Domestic,3,1,0,155,6991.0,0.37,15.7,0.46,2,0.33,0
TXN_12024,ACC_278,32.68,4,Luxury_Goods,Domestic,23,1,1,2743,5989.63,0.41,13.02,0.23,0,0.2,0
TXN_12025,ACC_470,1031.48,25,Electronics,International_HighRisk,16,0,1,3454,2546.36,0.77,5.98,0.71,1,0.94,1
TXN_12026,ACC_938,1142.11,29,Travel,International_HighRisk,11,0,0,613,5509.57,0.5,5.41,0.83,1,0.86,1
TXN_12027,ACC_811,24.01,3,Electronics,Domestic,0,1,0,3155,4843.41,0.17,15.3,0.46,0,0.3,0
TXN_12028,ACC_792,300.17,7,Grocery,International_LowRisk,2,1,0,1441,6740.4,0.43,14.36,0.56,0,0.28,0
TXN_12029,ACC_174,3451.52,21,Gambling,Domestic,17,0,0,2782,4291.1,0.58,7.23,0.72,1,0.72,1
TXN_12030,ACC_950,90.75,6,Electronics,Domestic,6,0,0,3103,7367.08,0.47,13.35,0.39,0,0.1,0
TXN_12031,ACC_963,146.75,5,Grocery,Domestic,17,0,1,1143,5947.33,0.22,5.14,0.34,0,0.24,0
TXN_12032,ACC_141,5352.24,15,Wire_Transfer,International_HighRisk,5,1,0,56,7367.5,0.46,5.71,0.77,1,0.67,1
TXN_12033,ACC_783,1165.69,20,Wire_Transfer,Domestic,12,0,0,255,8335.54,0.78,6.67,0.87,1,0.62,1
TXN_12034,ACC_219,1877.67,10,Crypto_Exchange,International_LowRisk,16,0,1,821,5879.21,0.62,11.67,0.85,6,0.66,1
TXN_12035,ACC_933,5519.42,10,Electronics,International_HighRisk,0,1,1,2191,4563.03,0.82,12.97,0.86,4,0.81,1
TXN_12036,ACC_157,128.4,2,Electronics,Domestic,9,0,0,1346,3736.46,0.31,9.24,0.29,1,0.08,0
TXN_12037,ACC_517,1187.22,26,Luxury_Goods,International_HighRisk,16,0,1,2659,7846.27,0.64,5.7,0.9,4,0.96,1
TXN_12038,ACC_521,49.58,5,Electronics,Domestic,11,0,1,2058,7110.17,0.16,16.3,0.5,0,0.22,0
TXN_12039,ACC_713,87.82,3,Grocery,Domestic,22,0,0,3155,7625.82,0.21,14.3,0.25,0,0.15,0
TXN_12040,ACC_787,93.71,2,Grocery,Domestic,0,1,0,2045,6285.11,0.35,4.73,0.32,0,0.27,0
TXN_12041,ACC_945,157.99,2,Utilities,Domestic,1,1,0,1109,4993.77,0.44,10.02,0.51,0,0.03,0
TXN_12042,ACC_636,123.96,8,Electronics,Domestic,6,0,1,573,4254.17,0.25,4.69,0.4,0,0.12,0
TXN_12043,ACC_421,15.3,7,Utilities,Online_Unverified,6,0,0,2261,7445.63,0.49,5.84,0.5,0,0.05,0
TXN_12044,ACC_575,3302.81,10,Grocery,International_HighRisk,5,1,0,699,1500.0,0.82,6.45,0.85,5,0.66,1
TXN_12045,ACC_100,188.56,6,Utilities,Domestic,13,0,1,2060,4395.34,0.19,8.67,0.29,0,0.02,0
TXN_12046,ACC_453,79.86,5,Utilities,Domestic,14,0,1,2457,5548.93,0.47,9.01,0.43,0,0.13,0
TXN_12047,ACC_272,1247.66,17,Wire_Transfer,Domestic,4,1,0,206,4161.37,0.68,9.62,0.93,5,0.71,1
TXN_12048,ACC_937,54.17,4,Grocery,Domestic,1,1,1,3437,6199.7,0.18,10.46,0.54,0,0.38,0
TXN_12049,ACC_581,45.6,8,Utilities,Online_Unverified,14,0,0,727,4305.71,0.33,14.0,0.54,0,0.17,0
TXN_12050,ACC_176,132.55,3,Grocery,Domestic,2,1,0,822,5254.66,0.27,16.0,0.21,0,0.19,0
TXN_12051,ACC_529,103.1,8,Grocery,Domestic,23,1,0,1774,4437.79,0.42,11.31,0.36,0,0.17,0
TXN_12052,ACC_337,4329.82,13,Wire_Transfer,Domestic,3,1,0,2821,5473.75,0.6,4.94,0.94,5,0.88,1
TXN_12053,ACC_426,396.41,1,Utilities,Domestic,18,0,0,2908,3661.23,0.38,13.44,0.41,0,0.18,0
TXN_12054,ACC_836,210.41,1,Electronics,Domestic,3,1,0,2063,6947.99,0.19,5.05,0.34,0,0.23,0
TXN_12055,ACC_514,1952.0,8,Utilities,International_HighRisk,0,1,0,2244,6967.19,0.76,6.09,0.96,4,0.72,1
TXN_12056,ACC_247,13931.91,19,Grocery,International_HighRisk,5,1,1,2790,10733.61,0.65,14.92,0.69,3,0.75,1
TXN_12057,ACC_263,276.95,6,Grocery,Domestic,21,0,0,1862,7045.04,0.25,11.18,0.54,0,0.01,0
TXN_12058,ACC_803,216.27,3,Grocery,Domestic,23,1,1,2367,8560.88,0.34,16.1,0.55,0,0.32,0
TXN_12059,ACC_681,682.06,5,Utilities,Domestic,19,0,0,2583,9532.23,0.32,4.7,0.52,0,0.06,0
TXN_12060,ACC_395,2971.54,9,Luxury_Goods,International_HighRisk,5,1,1,3300,3484.89,0.62,15.74,0.72,3,0.94,1
TXN_12061,ACC_134,82.15,7,Travel,International_LowRisk,7,0,0,2480,8874.85,0.33,9.65,0.32,2,0.15,0
TXN_12062,ACC_356,219.11,6,Utilities,Domestic,4,1,0,2527,7542.46,0.38,12.97,0.27,0,0.22,0
TXN_12063,ACC_744,112.99,8,Grocery,Domestic,11,0,0,3106,8410.78,0.25,4.23,0.18,2,0.03,0
TXN_12064,ACC_811,184.11,7,Electronics,Domestic,5,1,1,1986,4104.94,0.33,6.7,0.26,0,0.11,0
TXN_12065,ACC_887,273.99,7,Travel,Domestic,19,0,0,2545,3488.5,0.45,9.26,0.32,0,0.04,0
TXN_12066,ACC_742,162.18,7,Electronics,Domestic,19,0,0,3540,8179.89,0.27,16.48,0.55,0,0.39,0
TXN_12067,ACC_546,15.42,3,Utilities,International_LowRisk,4,1,0,2392,9743.75,0.22,11.8,0.51,0,0.02,0
TXN_12068,ACC_867,47.56,1,Grocery,International_LowRisk,10,0,0,792,5460.33,0.44,8.04,0.56,0,0.21,0
TXN_12069,ACC_911,498.86,6,Grocery,Domestic,8,0,0,1628,7556.07,0.16,6.3,0.13,0,0.29,0
TXN_12070,ACC_734,100.97,2,Grocery,Domestic,1,1,1,2249,4963.13,0.27,15.35,0.56,0,0.05,0
TXN_12071,ACC_864,362.78,7,Grocery,Domestic,8,0,1,1644,6580.62,0.16,4.94,0.33,0,0.01,0
TXN_12072,ACC_461,908.96,28,Crypto_Exchange,International_LowRisk,5,1,0,2829,8289.86,0.73,14.85,0.96,2,0.75,1
TXN_12073,ACC_645,2097.49,15,Luxury_Goods,International_HighRisk,12,0,0,2267,6203.55,0.46,4.13,0.97,2,0.62,1
TXN_12074,ACC_686,4589.64,29,Gambling,Domestic,5,1,1,1372,7510.52,0.51,6.27,0.97,6,0.98,1
TXN_12075,ACC_291,115.04,6,Utilities,Domestic,15,0,1,2387,6736.7,0.21,14.59,0.47,0,0.26,0
TXN_12076,ACC_703,108.2,6,Grocery,International_LowRisk,10,0,0,3554,7283.1,0.35,14.84,0.59,0,0.17,0
TXN_12077,ACC_616,382.66,8,Grocery,International_LowRisk,11,0,0,1612,5326.61,0.15,7.81,0.37,0,0.27,0
TXN_12078,ACC_672,68.57,5,Grocery,International_LowRisk,15,0,0,948,4997.67,0.16,12.42,0.15,0,0.17,1
TXN_12079,ACC_413,107.49,2,Electronics,Domestic,21,0,0,493,10314.98,0.44,15.92,0.42,1,0.18,0
TXN_12080,ACC_713,234.63,6,Utilities,Domestic,16,0,0,1132,4545.27,0.21,11.01,0.42,0,0.18,0
TXN_12081,ACC_188,14432.61,17,Crypto_Exchange,Domestic,9,0,1,470,6698.03,0.61,7.43,0.96,4,0.8,1
TXN_12082,ACC_434,615.57,19,Crypto_Exchange,Domestic,6,0,0,908,5455.17,0.77,7.6,0.74,5,0.92,1
TXN_12083,ACC_937,40.93,7,Utilities,International_LowRisk,16,0,1,1329,8765.85,0.36,15.43,0.28,0,0.39,0
TXN_12084,ACC_735,4427.74,33,Grocery,International_HighRisk,22,0,0,1191,10620.85,0.52,10.8,0.93,1,0.76,1
TXN_12085,ACC_888,375.82,7,Luxury_Goods,Domestic,11,0,1,529,4950.4,0.38,10.05,0.51,0,0.25,0
TXN_12086,ACC_636,160.22,8,Utilities,Domestic,23,1,0,1508,5434.79,0.27,16.11,0.1,0,0.1,0
TXN_12087,ACC_964,157.48,3,Utilities,Domestic,11,0,0,2313,5598.52,0.27,6.56,0.2,1,0.17,0
TXN_12088,ACC_928,58.05,7,Luxury_Goods,Domestic,10,0,0,1872,2496.59,0.4,11.94,0.49,0,0.09,0
TXN_12089,ACC_386,73.77,6,Grocery,Domestic,15,0,0,2771,6782.23,0.21,5.14,0.58,2,0.36,0
TXN_12090,ACC_747,83.82,6,Grocery,Domestic,11,0,0,3477,3450.03,0.27,10.78,0.36,0,0.24,0
TXN_12091,ACC_282,397.72,2,Utilities,Domestic,19,0,0,1783,6674.71,0.17,5.31,0.43,0,0.09,0
TXN_12092,ACC_126,579.1,33,Grocery,International_HighRisk,1,1,1,1555,5038.37,0.73,6.53,0.84,3,0.67,1
TXN_12093,ACC_754,147.41,4,Grocery,International_LowRisk,7,0,1,3623,4951.46,0.29,5.4,0.41,0,0.08,0
TXN_12094,ACC_946,170.68,1,Grocery,Domestic,10,0,1,1998,6052.67,0.4,13.52,0.41,0,0.38,0
TXN_12095,ACC_308,51.59,2,Electronics,Domestic,23,1,1,1194,6156.38,0.27,15.44,0.1,0,0.03,0
TXN_12096,ACC_637,33.14,8,Electronics,Domestic,19,0,0,3513,6206.74,0.34,5.24,0.4,0,0.22,0
TXN_12097,ACC_327,1843.64,17,Utilities,International_HighRisk,14,0,0,1722,10123.11,0.53,10.65,0.78,6,0.62,1
TXN_12098,ACC_253,83.35,3,Luxury_Goods,Domestic,16,0,0,1209,7658.15,0.23,13.18,0.52,1,0.16,0
TXN_12099,ACC_171,5458.38,33,Utilities,International_HighRisk,5,1,0,3048,6373.39,0.64,10.3,0.75,1,0.76,1
TXN_12100,ACC_236,241.97,1,Grocery,Domestic,6,0,0,2586,6342.82,0.48,15.99,0.57,0,0.1,0
TXN_12101,ACC_486,6861.12,16,Luxury_Goods,International_HighRisk,16,0,1,685,8810.0,0.68,16.45,0.67,4,0.74,1
TXN_12102,ACC_308,100.15,8,Luxury_Goods,Domestic,0,1,0,2922,6887.32,0.15,10.36,0.19,0,0.14,0
TXN_12103,ACC_566,112.3,6,Grocery,Domestic,11,0,0,1517,8612.58,0.47,5.85,0.35,0,0.33,0
TXN_12104,ACC_372,247.0,6,Utilities,Domestic,18,0,0,399,7295.06,0.22,15.58,0.19,0,0.27,0
TXN_12105,ACC_894,614.61,25,Wire_Transfer,International_LowRisk,12,0,0,3018,5655.01,0.72,9.34,0.75,2,0.78,1
TXN_12106,ACC_204,496.54,2,Utilities,Domestic,5,1,0,749,8555.44,0.3,6.93,0.55,0,0.32,0
TXN_12107,ACC_803,78.7,3,Grocery,Domestic,22,0,0,149,6325.97,0.24,14.34,0.15,2,0.29,0
TXN_12108,ACC_276,18.0,7,Grocery,Online_Unverified,19,0,1,442,5333.75,0.23,12.67,0.57,1,0.27,0
TXN_12109,ACC_918,13425.37,15,Grocery,International_HighRisk,2,1,0,2285,7411.29,0.49,13.07,0.73,5,0.98,1
TXN_12110,ACC_247,149.59,4,Grocery,Domestic,20,0,0,3534,4913.56,0.35,10.05,0.18,0,0.14,0
TXN_12111,ACC_308,171.6,8,Grocery,Online_Unverified,8,0,0,1926,5126.79,0.25,5.19,0.27,0,0.18,0
TXN_12112,ACC_604,1990.86,8,Grocery,International_HighRisk,9,0,1,1392,4808.62,0.75,8.07,0.71,5,0.61,0
TXN_12113,ACC_359,147.4,2,Electronics,Online_Unverified,15,0,0,1860,5505.94,0.49,6.16,0.39,0,0.29,0
TXN_12114,ACC_968,3718.48,22,Wire_Transfer,Domestic,5,1,0,693,4593.68,0.67,12.64,0.75,1,0.88,1
TXN_12115,ACC_156,80.64,8,Grocery,International_LowRisk,19,0,0,907,3824.65,0.17,10.97,0.49,0,0.34,0
TXN_12116,ACC_937,392.28,4,Grocery,Domestic,17,0,0,145,7724.34,0.25,6.93,0.3,0,0.35,0
TXN_12117,ACC_870,106.25,1,Travel,Domestic,11,0,0,739,4324.21,0.15,16.14,0.37,0,0.05,0
TXN_12118,ACC_145,170.9,8,Grocery,Domestic,19,0,0,2102,5131.52,0.33,6.67,0.15,0,0.15,0
TXN_12119,ACC_548,107.26,6,Grocery,Domestic,23,1,0,1493,8055.47,0.37,15.65,0.41,0,0.34,0
TXN_12120,ACC_752,101.27,5,Utilities,Online_Unverified,1,1,1,997,6649.37,0.22,11.95,0.33,2,0.13,0
TXN_12121,ACC_760,98.2,8,Grocery,Domestic,18,0,0,3450,6830.98,0.32,12.52,0.2,0,0.05,0
TXN_12122,ACC_315,1949.16,12,Wire_Transfer,Domestic,2,1,1,2394,8432.28,0.71,4.63,0.8,6,0.82,1
TXN_12123,ACC_271,96.58,1,Luxury_Goods,International_LowRisk,18,0,0,844,5373.84,0.49,10.37,0.26,0,0.13,0
TXN_12124,ACC_769,7457.9,14,Wire_Transfer,Domestic,1,1,0,2391,4606.87,0.79,7.88,0.9,1,0.76,1
TXN_12125,ACC_525,74.86,2,Travel,Domestic,21,0,0,501,8694.97,0.17,11.07,0.52,0,0.15,0
TXN_12126,ACC_149,83.79,2,Electronics,International_LowRisk,3,1,1,2898,4156.13,0.3,10.27,0.2,1,0.22,0
TXN_12127,ACC_519,292.75,2,Utilities,International_LowRisk,1,1,1,1597,5725.02,0.38,7.22,0.53,0,0.11,0
TXN_12128,ACC_232,2181.27,22,Gambling,Domestic,19,0,0,2991,7925.01,0.58,11.76,0.77,2,0.74,1
TXN_12129,ACC_451,36.53,4,Electronics,Online_Unverified,14,0,0,3088,5623.15,0.32,4.22,0.51,1,0.34,0
TXN_12130,ACC_137,130.86,1,Grocery,Domestic,12,0,0,1895,7723.2,0.46,16.12,0.38,0,0.19,0
TXN_12131,ACC_781,4022.26,33,Crypto_Exchange,International_LowRisk,3,1,1,751,5540.95,0.51,9.57,0.68,3,0.9,1
TXN_12132,ACC_202,59.29,3,Grocery,Domestic,17,0,0,3551,9758.64,0.37,6.17,0.19,1,0.25,1
TXN_12133,ACC_780,22.91,3,Grocery,Domestic,19,0,0,3401,4322.73,0.46,4.57,0.22,0,0.14,0
TXN_12134,ACC_817,525.48,34,Crypto_Exchange,Online_Unverified,11,0,0,3349,12102.75,0.6,9.88,0.87,1,0.99,1
TXN_12135,ACC_859,52.2,6,Luxury_Goods,Domestic,6,0,0,2874,7297.43,0.46,5.52,0.42,0,0.14,0
TXN_12136,ACC_943,44.05,5,Grocery,Domestic,14,0,1,1500,5759.96,0.47,9.74,0.17,0,0.02,0
TXN_12137,ACC_652,24.7,1,Utilities,Domestic,4,1,1,336,7499.12,0.41,14.87,0.54,0,0.38,0
TXN_12138,ACC_897,206.29,7,Grocery,Domestic,15,0,0,2545,8268.88,0.24,8.11,0.49,0,0.15,0
TXN_12139,ACC_336,28.7,1,Electronics,Domestic,5,1,0,2985,7424.31,0.33,8.19,0.25,0,0.37,0
TXN_12140,ACC_541,195.9,3,Utilities,Domestic,13,0,1,2205,6281.61,0.28,13.35,0.32,1,0.34,0
TXN_12141,ACC_209,307.88,1,Grocery,Domestic,5,1,0,2939,9062.77,0.46,14.39,0.21,0,0.3,0
TXN_12142,ACC_133,40.05,7,Grocery,Domestic,19,0,0,2341,2720.59,0.46,6.15,0.4,2,0.32,0
TXN_12143,ACC_755,80.51,6,Utilities,Domestic,9,0,0,2803,9099.74,0.19,12.22,0.11,0,0.33,0
TXN_12144,ACC_456,119.42,5,Utilities,Domestic,5,1,0,465,5071.92,0.23,9.53,0.52,0,0.22,0
TXN_12145,ACC_929,35.27,1,Grocery,Domestic,3,1,1,3295,5579.22,0.27,5.15,0.23,0,0.24,0
TXN_12146,ACC_225,153.98,4,Grocery,Domestic,23,1,0,1662,6444.06,0.39,4.1,0.53,0,0.18,0
TXN_12147,ACC_192,130.08,2,Utilities,Domestic,1,1,0,2775,10427.11,0.5,6.97,0.49,0,0.05,0
TXN_12148,ACC_209,84.06,6,Grocery,Domestic,23,1,1,1928,7170.32,0.24,9.57,0.18,0,0.34,0
TXN_12149,ACC_620,164.48,4,Grocery,Domestic,7,0,1,225,9368.0,0.18,6.82,0.56,0,0.16,0
TXN_12150,ACC_394,143.2,4,Utilities,Domestic,8,0,0,746,4726.72,0.19,15.62,0.13,0,0.07,0
TXN_12151,ACC_301,111.29,6,Grocery,Domestic,5,1,0,2911,7855.27,0.36,13.34,0.27,0,0.32,0
TXN_12152,ACC_359,172.36,4,Utilities,Domestic,17,0,1,3321,6484.65,0.31,15.6,0.37,2,0.03,0
TXN_12153,ACC_305,50.7,7,Electronics,Domestic,14,0,0,1819,8705.38,0.24,14.39,0.31,1,0.12,0
TXN_12154,ACC_180,54.76,8,Utilities,Domestic,7,0,0,265,6855.66,0.47,9.05,0.14,0,0.22,0
TXN_12155,ACC_512,75.04,1,Utilities,Domestic,10,0,0,3286,8922.86,0.24,14.43,0.33,0,0.13,0
TXN_12156,ACC_557,58.52,1,Electronics,International_LowRisk,3,1,0,2713,5489.11,0.17,15.11,0.54,0,0.19,0
TXN_12157,ACC_341,44.69,5,Utilities,Online_Unverified,2,1,0,1320,7542.43,0.34,14.14,0.39,0,0.27,0
TXN_12158,ACC_824,44.27,1,Grocery,International_LowRisk,1,1,1,1249,2331.34,0.22,13.49,0.3,0,0.32,0
TXN_12159,ACC_712,833.55,24,Crypto_Exchange,Online_Unverified,12,0,0,2646,8849.52,0.59,9.06,0.67,4,0.8,1
TXN_12160,ACC_329,82.25,2,Electronics,Domestic,18,0,0,1595,10732.02,0.48,14.63,0.33,0,0.1,0
TXN_12161,ACC_867,33.83,3,Grocery,Domestic,12,0,0,1204,9488.28,0.33,7.93,0.57,0,0.02,0
TXN_12162,ACC_596,93.91,6,Utilities,Domestic,7,0,0,893,6902.79,0.2,5.67,0.44,0,0.39,0
TXN_12163,ACC_627,42.42,2,Electronics,Domestic,18,0,0,1857,5629.89,0.16,15.5,0.25,2,0.31,0
TXN_12164,ACC_168,268.62,3,Luxury_Goods,Online_Unverified,5,1,0,1943,3544.0,0.34,7.04,0.31,0,0.19,0
TXN_12165,ACC_571,687.59,21,Crypto_Exchange,Domestic,5,1,1,3474,4531.17,0.53,4.23,0.71,1,0.97,1
TXN_12166,ACC_262,34.21,5,Electronics,International_LowRisk,20,0,0,2265,1500.0,0.23,9.29,0.44,0,0.16,0
TXN_12167,ACC_918,112.8,8,Grocery,Domestic,22,0,0,488,9856.36,0.2,5.37,0.26,1,0.36,0
TXN_12168,ACC_555,81.34,5,Travel,International_LowRisk,17,0,0,2111,6354.06,0.32,7.73,0.12,1,0.02,0
TXN_12169,ACC_940,7027.58,17,Wire_Transfer,Online_Unverified,12,0,0,596,5338.52,0.61,15.16,0.8,5,0.83,1
TXN_12170,ACC_264,780.48,4,Luxury_Goods,Domestic,11,0,0,1833,6493.04,0.2,12.26,0.16,0,0.08,0
TXN_12171,ACC_482,144.97,1,Utilities,Domestic,5,1,1,221,9612.83,0.31,10.41,0.48,0,0.34,0
TXN_12172,ACC_427,92.47,7,Utilities,Domestic,5,1,0,1256,8365.79,0.38,11.66,0.38,0,0.26,0
TXN_12173,ACC_193,167.41,8,Luxury_Goods,International_LowRisk,5,1,0,2448,3355.54,0.39,4.02,0.36,0,0.26,0
TXN_12174,ACC_269,113.51,7,Electronics,Domestic,16,0,1,2775,5885.08,0.28,8.93,0.59,0,0.24,0
TXN_12175,ACC_588,42.05,4,Electronics,Domestic,1,1,0,1089,9660.68,0.24,9.89,0.49,0,0.04,0
TXN_12176,ACC_190,265.84,8,Luxury_Goods,Domestic,11,0,0,2660,8333.14,0.46,14.77,0.24,1,0.18,0
TXN_12177,ACC_599,1127.11,15,Grocery,International_HighRisk,22,0,0,2990,6609.39,0.56,8.67,0.68,3,0.61,0
TXN_12178,ACC_209,278.48,7,Luxury_Goods,Domestic,21,0,0,2651,7382.84,0.48,14.62,0.26,0,0.19,0
TXN_12179,ACC_719,6995.22,20,Gambling,International_LowRisk,9,0,0,2269,7080.18,0.52,7.64,0.91,4,0.8,1
TXN_12180,ACC_354,204.79,8,Luxury_Goods,Online_Unverified,13,0,1,651,6587.8,0.42,6.11,0.12,0,0.2,0
TXN_12181,ACC_111,134.79,6,Grocery,Domestic,12,0,1,1025,5580.52,0.25,15.83,0.57,0,0.04,0
TXN_12182,ACC_516,164.34,4,Grocery,Domestic,0,1,0,1668,5821.82,0.32,5.38,0.35,0,0.3,0
TXN_12183,ACC_613,113.47,5,Grocery,Domestic,13,0,1,649,4269.51,0.43,13.82,0.59,0,0.11,0
TXN_12184,ACC_870,30.62,2,Utilities,International_LowRisk,2,1,0,332,5943.38,0.34,13.84,0.21,0,0.08,0
TXN_12185,ACC_949,1820.68,29,Grocery,International_HighRisk,23,1,1,2651,5121.45,0.75,15.84,0.8,5,0.63,1
TXN_12186,ACC_934,11288.61,11,Grocery,International_HighRisk,6,0,0,903,5130.01,0.53,6.65,0.92,2,0.99,1
TXN_12187,ACC_586,1955.5,15,Luxury_Goods,International_HighRisk,10,0,1,1072,4841.36,0.77,15.37,0.97,1,0.72,1
TXN_12188,ACC_428,226.14,1,Electronics,Domestic,10,0,0,1505,7683.14,0.25,5.01,0.54,1,0.07,0
TXN_12189,ACC_385,143.34,2,Luxury_Goods,Domestic,8,0,1,2693,4771.14,0.26,4.98,0.15,0,0.26,0
TXN_12190,ACC_297,53.91,2,Electronics,Domestic,18,0,0,3062,7885.55,0.22,11.18,0.22,0,0.11,0
TXN_12191,ACC_865,62.72,1,Grocery,Domestic,22,0,1,3017,6475.27,0.31,4.7,0.19,0,0.33,1
TXN_12192,ACC_510,471.51,8,Utilities,Domestic,3,1,1,2147,5843.36,0.18,11.41,0.35,0,0.32,0
TXN_12193,ACC_207,5476.92,20,Luxury_Goods,International_HighRisk,19,0,1,1572,7877.43,0.78,14.99,0.84,6,0.67,1
TXN_12194,ACC_371,348.06,4,Utilities,International_LowRisk,17,0,0,2412,7719.48,0.43,12.71,0.38,0,0.17,0
TXN_12195,ACC_733,663.98,5,Utilities,Domestic,16,0,0,3580,4798.43,0.25,12.86,0.28,0,0.02,0
TXN_12196,ACC_448,25.63,2,Electronics,Online_Unverified,21,0,1,2988,5042.42,0.24,7.16,0.45,0,0.3,0
TXN_12197,ACC_284,133.94,4,Grocery,International_LowRisk,15,0,0,1592,6665.73,0.45,15.36,0.54,0,0.31,0
TXN_12198,ACC_145,213.35,1,Utilities,Domestic,2,1,0,2471,7446.67,0.49,9.92,0.11,0,0.36,0
TXN_12199,ACC_889,207.05,7,Electronics,Domestic,13,0,0,2682,5145.98,0.25,14.07,0.3,2,0.06,0
TXN_12200,ACC_627,16.11,8,Electronics,Domestic,19,0,1,131,5751.22,0.36,7.18,0.19,0,0.13,0
TXN_12201,ACC_766,1549.13,26,Electronics,International_HighRisk,9,0,0,762,5413.96,0.5,16.17,0.87,3,0.79,1
TXN_12202,ACC_148,75.73,5,Grocery,Domestic,12,0,0,3063,5106.12,0.32,4.93,0.22,0,0.24,0
TXN_12203,ACC_728,19.24,7,Utilities,Domestic,1,1,0,88,9750.66,0.2,16.04,0.3,0,0.19,0
TXN_12204,ACC_418,6733.59,18,Grocery,International_HighRisk,15,0,0,149,3776.65,0.5,10.4,0.89,5,0.78,1
TXN_12205,ACC_684,54.26,4,Utilities,Online_Unverified,10,0,0,3328,5685.97,0.2,10.64,0.31,0,0.07,0
TXN_12206,ACC_535,1053.93,20,Grocery,International_HighRisk,11,0,1,3238,10201.56,0.84,5.2,0.84,4,0.65,1
TXN_12207,ACC_233,1677.74,17,Wire_Transfer,Domestic,13,0,0,474,1515.22,0.8,7.87,0.67,1,0.94,1
TXN_12208,ACC_506,57.31,1,Electronics,International_LowRisk,11,0,1,2795,7819.7,0.4,12.37,0.54,0,0.13,0
TXN_12209,ACC_976,207.38,8,Grocery,Domestic,9,0,1,3640,5114.09,0.31,12.04,0.41,0,0.11,0
TXN_12210,ACC_772,271.66,7,Utilities,Domestic,10,0,0,353,8552.17,0.33,8.32,0.13,0,0.17,0
TXN_12211,ACC_826,148.85,5,Travel,Domestic,16,0,0,2147,5003.82,0.31,7.17,0.34,0,0.38,0
TXN_12212,ACC_161,316.57,8,Grocery,Online_Unverified,17,0,1,1652,7083.32,0.22,12.54,0.11,0,0.27,0
TXN_12213,ACC_606,188.47,6,Travel,Domestic,2,1,1,3247,10161.49,0.48,11.46,0.25,0,0.34,0
TXN_12214,ACC_921,30.71,5,Grocery,Domestic,22,0,0,2645,7486.39,0.24,14.17,0.16,1,0.39,0
TXN_12215,ACC_177,130.67,5,Grocery,Domestic,5,1,1,3141,5687.94,0.28,14.61,0.36,0,0.34,0
TXN_12216,ACC_450,32.99,1,Grocery,Domestic,18,0,0,1465,7574.36,0.32,13.33,0.54,0,0.24,0
TXN_12217,ACC_750,210.97,3,Grocery,Online_Unverified,16,0,1,2313,5310.65,0.31,10.97,0.56,0,0.3,0
TXN_12218,ACC_338,1215.75,16,Utilities,International_HighRisk,11,0,0,158,5654.86,0.78,11.39,0.66,1,0.62,1
TXN_12219,ACC_792,2051.55,28,Gambling,Domestic,20,0,0,1416,4143.64,0.84,12.49,0.67,4,0.95,1
TXN_12220,ACC_857,187.96,4,Grocery,Domestic,2,1,1,2950,7365.7,0.2,7.49,0.53,0,0.18,0
TXN_12221,ACC_392,26.78,8,Luxury_Goods,International_LowRisk,23,1,0,2572,6232.74,0.47,10.65,0.22,0,0.09,0
TXN_12222,ACC_186,289.75,4,Utilities,Online_Unverified,12,0,0,2672,4946.61,0.49,13.84,0.48,0,0.4,0
TXN_12223,ACC_860,411.28,7,Grocery,Domestic,6,0,0,3387,3836.17,0.29,7.42,0.14,0,0.29,0
TXN_12224,ACC_586,118.36,2,Utilities,Domestic,17,0,1,1615,9115.93,0.42,13.03,0.12,0,0.37,0
TXN_12225,ACC_946,413.75,7,Grocery,Domestic,20,0,1,3277,6933.44,0.33,13.57,0.48,0,0.37,0
TXN_12226,ACC_432,286.22,4,Luxury_Goods,Domestic,4,1,1,970,3666.35,0.36,8.15,0.2,0,0.32,0
TXN_12227,ACC_112,16.11,2,Grocery,Online_Unverified,22,0,0,2959,4743.76,0.44,16.0,0.16,0,0.09,0
TXN_12228,ACC_551,72.19,6,Utilities,Domestic,2,1,0,1172,4530.11,0.19,5.29,0.24,2,0.01,0
TXN_12229,ACC_786,24.68,4,Travel,Domestic,13,0,1,3630,6050.64,0.28,15.45,0.19,0,0.24,0
TXN_12230,ACC_167,97.68,2,Utilities,International_LowRisk,14,0,0,2840,8650.04,0.18,5.12,0.48,0,0.17,0
TXN_12231,ACC_919,141.66,3,Luxury_Goods,Domestic,20,0,0,2087,9388.69,0.47,10.26,0.5,0,0.2,0
TXN_12232,ACC_361,14485.94,21,Wire_Transfer,International_LowRisk,19,0,0,2191,3155.19,0.55,13.66,0.95,5,0.92,1
TXN_12233,ACC_626,1579.85,17,Luxury_Goods,International_HighRisk,22,0,0,2001,5356.14,0.46,8.38,0.96,3,0.68,1
TXN_12234,ACC_692,1355.1,22,Luxury_Goods,International_HighRisk,3,1,1,593,8130.65,0.71,4.2,0.76,6,0.83,1
TXN_12235,ACC_359,22.98,7,Utilities,Domestic,2,1,0,746,5904.1,0.44,11.18,0.31,0,0.05,0
TXN_12236,ACC_308,5619.07,24,Crypto_Exchange,International_LowRisk,18,0,0,1005,7406.44,0.66,5.69,0.78,2,0.71,1
TXN_12237,ACC_681,18.16,8,Luxury_Goods,Domestic,3,1,0,3376,5394.15,0.18,4.97,0.41,0,0.07,0
TXN_12238,ACC_680,40.54,4,Grocery,Domestic,16,0,0,526,4383.71,0.38,8.81,0.11,0,0.37,0
TXN_12239,ACC_219,149.01,7,Grocery,Domestic,0,1,1,1584,9146.68,0.45,9.08,0.21,0,0.24,0
TXN_12240,ACC_130,516.48,8,Utilities,International_LowRisk,21,0,0,528,6433.86,0.33,9.92,0.58,0,0.31,1
TXN_12241,ACC_185,5429.23,17,Crypto_Exchange,Domestic,12,0,0,2997,5305.44,0.58,10.82,0.97,1,0.94,1
TXN_12242,ACC_340,1193.93,28,Wire_Transfer,Domestic,10,0,0,2445,7733.16,0.51,11.91,0.96,1,0.74,1
TXN_12243,ACC_622,122.86,3,Luxury_Goods,International_LowRisk,8,0,0,1297,7544.04,0.35,16.15,0.26,0,0.06,0
TXN_12244,ACC_702,44.01,4,Grocery,International_LowRisk,3,1,1,99,5413.6,0.41,7.52,0.33,0,0.08,0
TXN_12245,ACC_869,17.41,5,Utilities,Domestic,11,0,0,3070,7380.99,0.29,12.68,0.58,1,0.22,0
TXN_12246,ACC_548,4945.04,21,Crypto_Exchange,Domestic,22,0,1,1627,6349.95,0.73,15.19,0.97,6,0.82,1
TXN_12247,ACC_532,159.23,6,Grocery,Domestic,20,0,0,384,5097.5,0.26,11.03,0.25,0,0.3,0
TXN_12248,ACC_820,1503.87,8,Crypto_Exchange,Online_Unverified,7,0,0,2248,8452.28,0.78,11.53,0.69,4,0.92,1
TXN_12249,ACC_431,39.83,8,Grocery,International_LowRisk,18,0,1,2549,5424.11,0.26,16.32,0.24,0,0.22,1
TXN_12250,ACC_891,18.85,5,Electronics,Domestic,13,0,0,1577,6134.2,0.38,8.45,0.29,0,0.27,0
TXN_12251,ACC_681,149.41,1,Electronics,Domestic,12,0,0,2241,3945.26,0.19,4.36,0.45,0,0.29,0
TXN_12252,ACC_668,79.3,8,Utilities,International_LowRisk,3,1,0,327,8321.81,0.4,7.86,0.33,0,0.18,0
TXN_12253,ACC_479,1825.61,10,Crypto_Exchange,Domestic,11,0,0,1891,9150.01,0.68,10.72,0.88,5,0.62,1
TXN_12254,ACC_486,91.01,2,Grocery,Domestic,4,1,1,3639,4555.33,0.38,7.61,0.42,0,0.21,0
TXN_12255,ACC_467,33.2,3,Utilities,Online_Unverified,16,0,0,1269,4128.37,0.46,13.46,0.42,0,0.07,0
TXN_12256,ACC_666,6753.48,12,Wire_Transfer,International_LowRisk,18,0,0,3241,5850.52,0.79,4.19,0.85,1,0.94,1
TXN_12257,ACC_572,28.61,8,Utilities,Domestic,3,1,0,399,1500.0,0.17,7.88,0.46,0,0.05,0
TXN_12258,ACC_241,260.2,2,Utilities,Domestic,5,1,0,3295,5600.7,0.42,4.38,0.28,0,0.08,0
TXN_12259,ACC_664,149.12,3,Grocery,Domestic,22,0,0,755,8150.83,0.46,4.97,0.57,0,0.33,0
TXN_12260,ACC_717,1543.81,9,Gambling,Domestic,18,0,1,3641,3047.57,0.8,8.34,0.75,6,0.64,0
TXN_12261,ACC_370,114.04,6,Luxury_Goods,Domestic,4,1,1,1557,8313.67,0.49,9.25,0.33,0,0.18,0
TXN_12262,ACC_955,22.57,3,Grocery,Domestic,16,0,1,3592,3596.33,0.18,4.87,0.51,0,0.2,0
TXN_12263,ACC_950,35.02,7,Grocery,Domestic,23,1,1,2914,8491.05,0.35,13.58,0.46,0,0.31,0
TXN_12264,ACC_519,215.52,3,Grocery,Domestic,5,1,1,3571,6337.09,0.31,14.81,0.42,0,0.33,0
TXN_12265,ACC_281,327.45,5,Utilities,Online_Unverified,19,0,0,394,7783.76,0.49,8.86,0.13,0,0.02,0
TXN_12266,ACC_767,943.84,16,Gambling,International_HighRisk,5,1,1,1883,5733.81,0.55,10.11,0.7,6,0.63,1
TXN_12267,ACC_346,160.08,6,Grocery,Online_Unverified,2,1,0,299,11929.63,0.33,10.47,0.32,0,0.39,0
TXN_12268,ACC_459,530.85,26,Gambling,International_LowRisk,1,1,1,34,9503.76,0.49,12.81,0.68,3,0.6,1
TXN_12269,ACC_725,42.52,2,Grocery,Domestic,3,1,0,1780,6311.45,0.49,10.37,0.56,0,0.36,0
TXN_12270,ACC_144,38.15,3,Luxury_Goods,Domestic,14,0,1,164,6862.92,0.45,9.42,0.54,0,0.32,0
TXN_12271,ACC_929,185.59,8,Utilities,Domestic,0,1,1,2899,9094.6,0.41,14.21,0.12,0,0.05,0
TXN_12272,ACC_769,312.22,6,Grocery,Domestic,9,0,0,959,6341.25,0.2,5.02,0.57,0,0.13,0
TXN_12273,ACC_244,82.79,4,Luxury_Goods,Domestic,13,0,0,1718,4781.08,0.44,15.86,0.34,1,0.33,0
TXN_12274,ACC_709,22.52,2,Grocery,Online_Unverified,3,1,0,3278,7858.75,0.33,9.28,0.25,2,0.36,0
TXN_12275,ACC_244,37.63,2,Travel,Domestic,9,0,0,3186,6404.03,0.22,13.97,0.2,0,0.15,0
TXN_12276,ACC_172,115.99,7,Grocery,Domestic,4,1,0,780,3765.35,0.39,12.35,0.42,0,0.36,0
TXN_12277,ACC_403,2588.99,16,Grocery,International_HighRisk,23,1,0,3159,5063.03,0.79,13.6,0.67,5,0.87,1
TXN_12278,ACC_943,544.53,9,Grocery,International_HighRisk,4,1,0,3560,8066.93,0.76,13.45,0.67,4,0.68,0
TXN_12279,ACC_658,216.61,4,Utilities,International_LowRisk,14,0,1,1059,7352.31,0.4,5.05,0.35,2,0.01,0
TXN_12280,ACC_654,39.01,4,Utilities,Domestic,5,1,0,3297,4539.22,0.2,6.32,0.43,0,0.2,0
TXN_12281,ACC_970,42.45,6,Grocery,Online_Unverified,17,0,1,3373,4929.36,0.29,13.7,0.21,0,0.1,0
TXN_12282,ACC_383,167.44,6,Luxury_Goods,Domestic,14,0,0,1656,10397.93,0.46,5.0,0.12,0,0.06,0
TXN_12283,ACC_678,1061.98,18,Grocery,International_HighRisk,19,0,1,468,2957.15,0.68,7.71,0.86,3,0.61,1
TXN_12284,ACC_143,34.84,2,Utilities,International_LowRisk,23,1,1,438,4040.23,0.19,7.01,0.17,1,0.06,0
TXN_12285,ACC_202,58.95,1,Utilities,Domestic,12,0,1,3329,5054.33,0.5,8.06,0.39,0,0.39,0
TXN_12286,ACC_555,39.24,1,Electronics,Domestic,22,0,1,2573,2148.9,0.5,4.56,0.57,0,0.07,0
TXN_12287,ACC_339,34.55,2,Grocery,Online_Unverified,8,0,0,32,6248.36,0.28,7.4,0.19,0,0.18,0
TXN_12288,ACC_782,67.05,6,Grocery,Domestic,10,0,0,273,4353.82,0.49,8.11,0.31,1,0.05,1
TXN_12289,ACC_980,7818.3,11,Utilities,International_HighRisk,1,1,1,908,8313.57,0.77,4.95,0.96,3,0.93,1
TXN_12290,ACC_983,89.57,5,Luxury_Goods,Domestic,11,0,0,2559,7311.7,0.49,13.75,0.48,0,0.4,0
TXN_12291,ACC_548,264.42,8,Grocery,Online_Unverified,15,0,1,3489,7419.27,0.33,7.81,0.48,0,0.29,0
TXN_12292,ACC_709,19.35,6,Electronics,Online_Unverified,22,0,0,974,8327.21,0.25,5.86,0.39,0,0.37,0
TXN_12293,ACC_949,227.3,4,Grocery,Domestic,12,0,0,3195,3650.06,0.38,4.11,0.51,2,0.34,0
TXN_12294,ACC_308,230.21,3,Electronics,Domestic,0,1,1,3627,4551.09,0.33,10.58,0.42,1,0.04,0
TXN_12295,ACC_146,328.6,5,Utilities,International_LowRisk,9,0,1,414,6343.34,0.17,4.79,0.49,0,0.02,0
TXN_12296,ACC_769,201.79,6,Grocery,International_LowRisk,5,1,0,3102,5469.06,0.16,11.66,0.11,0,0.22,0
TXN_12297,ACC_482,211.86,2,Electronics,Domestic,1,1,0,1699,3817.48,0.43,11.66,0.38,0,0.18,0
TXN_12298,ACC_683,3963.65,21,Gambling,Domestic,0,1,0,270,7577.01,0.84,6.47,0.85,5,0.89,1
TXN_12299,ACC_175,377.13,4,Utilities,International_LowRisk,15,0,1,2081,9159.07,0.18,12.84,0.44,2,0.22,0
TXN_12300,ACC_796,643.39,26,Grocery,International_HighRisk,6,0,0,1286,5321.15,0.85,15.22,0.68,3,0.81,1
TXN_12301,ACC_694,17.56,7,Electronics,Online_Unverified,7,0,1,1574,5593.48,0.27,12.19,0.56,0,0.34,0
TXN_12302,ACC_966,64.92,6,Grocery,Domestic,6,0,1,328,9936.88,0.2,14.39,0.31,0,0.14,0
TXN_12303,ACC_488,66.45,2,Grocery,Domestic,12,0,1,1073,7669.91,0.32,15.08,0.55,0,0.17,0
TXN_12304,ACC_162,37.28,3,Electronics,International_LowRisk,18,0,0,936,6613.41,0.28,8.64,0.59,0,0.19,0
TXN_12305,ACC_976,41.03,7,Grocery,Domestic,1,1,0,220,7710.27,0.42,11.31,0.47,0,0.05,0
TXN_12306,ACC_105,44.03,5,Electronics,Online_Unverified,17,0,0,650,5939.43,0.18,14.78,0.6,0,0.36,0
TXN_12307,ACC_219,74.42,1,Grocery,Domestic,7,0,0,2808,4831.32,0.49,5.01,0.56,0,0.21,0
TXN_12308,ACC_567,3387.76,25,Grocery,International_HighRisk,18,0,0,1354,5117.89,0.48,9.07,0.79,4,0.61,1
TXN_12309,ACC_977,19.89,7,Electronics,Domestic,5,1,0,1648,7260.13,0.26,6.74,0.2,0,0.34,0
TXN_12310,ACC_963,23.95,3,Grocery,International_LowRisk,5,1,0,1478,7642.21,0.42,9.57,0.3,0,0.29,0
TXN_12311,ACC_179,65.96,3,Grocery,Online_Unverified,0,1,0,1852,6568.79,0.47,4.41,0.47,0,0.19,0
TXN_12312,ACC_920,90.83,1,Grocery,Domestic,22,0,0,1797,5215.54,0.48,11.88,0.28,0,0.36,0
TXN_12313,ACC_272,341.45,2,Grocery,International_LowRisk,23,1,0,2178,4193.03,0.23,10.19,0.15,0,0.31,0
TXN_12314,ACC_634,91.5,2,Electronics,Domestic,0,1,0,3195,5759.93,0.42,15.77,0.32,0,0.38,0
TXN_12315,ACC_547,266.46,6,Grocery,Domestic,17,0,0,1929,3140.99,0.27,14.33,0.35,0,0.09,0
TXN_12316,ACC_581,87.21,1,Grocery,International_LowRisk,12,0,0,3103,4083.39,0.17,10.1,0.59,0,0.21,0
TXN_12317,ACC_447,5706.23,14,Gambling,Domestic,22,0,0,2272,5722.99,0.55,8.11,0.85,1,0.66,1
TXN_12318,ACC_484,124.41,3,Electronics,Domestic,18,0,0,1160,8151.11,0.3,8.42,0.24,0,0.08,0
TXN_12319,ACC_418,3104.64,31,Wire_Transfer,International_LowRisk,16,0,1,695,5016.31,0.71,13.51,0.84,4,0.83,1
TXN_12320,ACC_101,243.28,3,Grocery,Domestic,19,0,0,3465,5736.46,0.32,10.67,0.3,0,0.11,0
TXN_12321,ACC_238,144.28,5,Electronics,Domestic,8,0,1,1171,9073.89,0.17,9.64,0.46,0,0.03,0
TXN_12322,ACC_848,34.37,2,Grocery,International_LowRisk,16,0,0,1504,6250.9,0.42,9.14,0.54,0,0.39,0
TXN_12323,ACC_827,39.38,1,Grocery,Domestic,4,1,0,2627,3942.53,0.45,16.32,0.37,0,0.38,0
TXN_12324,ACC_151,103.54,3,Grocery,International_LowRisk,4,1,1,1827,4048.22,0.32,4.53,0.21,0,0.06,0
TXN_12325,ACC_970,2673.11,30,Gambling,International_LowRisk,3,1,1,199,4872.37,0.59,13.17,0.91,2,0.76,1
TXN_12326,ACC_895,645.03,1,Luxury_Goods,Domestic,13,0,0,1651,6860.94,0.32,14.44,0.38,0,0.33,0
TXN_12327,ACC_798,344.82,4,Travel,Domestic,22,0,0,1832,5549.03,0.5,5.11,0.3,1,0.4,0
TXN_12328,ACC_464,53.05,3,Utilities,Domestic,19,0,0,2830,5172.33,0.42,11.89,0.53,0,0.31,0
TXN_12329,ACC_265,101.58,2,Travel,Domestic,21,0,0,1578,8870.01,0.44,10.7,0.3,0,0.29,0
TXN_12330,ACC_141,8076.86,14,Wire_Transfer,Domestic,23,1,0,3246,8623.02,0.76,10.16,0.78,1,0.7,1
TXN_12331,ACC_129,8200.54,16,Grocery,International_HighRisk,23,1,0,2569,9132.69,0.81,8.16,0.77,1,0.74,1
TXN_12332,ACC_496,53.87,4,Utilities,Domestic,2,1,0,1749,1500.0,0.46,13.74,0.16,1,0.27,0
TXN_12333,ACC_613,40.4,7,Grocery,Domestic,11,0,0,1640,5239.54,0.21,12.74,0.4,0,0.28,0
TXN_12334,ACC_871,4063.39,12,Wire_Transfer,Domestic,7,0,0,2366,3359.05,0.75,11.72,0.9,1,0.81,1
TXN_12335,ACC_624,5912.46,17,Crypto_Exchange,Domestic,1,1,0,1260,6872.19,0.7,6.73,0.94,3,0.73,1
TXN_12336,ACC_771,108.81,5,Grocery,Online_Unverified,12,0,0,802,9092.51,0.32,14.45,0.45,0,0.15,0
TXN_12337,ACC_681,151.01,3,Utilities,Domestic,20,0,0,560,7360.29,0.49,8.13,0.21,0,0.28,0
TXN_12338,ACC_494,3184.77,12,Grocery,International_HighRisk,3,1,1,916,7517.07,0.51,10.91,0.83,3,0.65,1
TXN_12339,ACC_904,140.54,6,Utilities,Domestic,23,1,0,649,6869.54,0.46,6.13,0.35,0,0.16,0
TXN_12340,ACC_627,630.9,23,Wire_Transfer,International_LowRisk,1,1,0,2844,6004.17,0.61,14.91,0.9,5,0.67,1
TXN_12341,ACC_732,104.26,4,Grocery,International_LowRisk,13,0,1,3391,5425.27,0.19,8.32,0.46,0,0.02,0
TXN_12342,ACC_773,186.89,6,Electronics,International_LowRisk,8,0,1,578,7437.05,0.44,6.38,0.29,0,0.38,0
TXN_12343,ACC_388,6260.99,29,Gambling,Online_Unverified,5,1,0,1523,5884.85,0.57,6.55,0.71,1,0.86,1
TXN_12344,ACC_644,138.94,1,Grocery,Domestic,6,0,0,1016,4564.5,0.34,11.17,0.11,0,0.4,0
TXN_12345,ACC_823,9095.44,8,Crypto_Exchange,International_HighRisk,16,0,0,2974,5319.57,0.64,10.88,0.83,3,0.8,1
TXN_12346,ACC_373,59.06,5,Utilities,Domestic,23,1,0,3290,6259.01,0.48,15.18,0.17,0,0.22,0
TXN_12347,ACC_700,40.29,6,Luxury_Goods,International_LowRisk,8,0,0,1506,3937.02,0.18,15.44,0.41,1,0.14,0
TXN_12348,ACC_547,244.68,7,Utilities,Domestic,8,0,0,290,5002.38,0.48,15.66,0.36,2,0.24,0
TXN_12349,ACC_387,433.14,1,Grocery,Domestic,9,0,0,3465,5765.77,0.39,4.77,0.18,0,0.06,0
TXN_12350,ACC_413,8164.91,27,Utilities,International_HighRisk,5,1,0,1353,6563.18,0.81,11.42,0.77,2,0.94,1
TXN_12351,ACC_905,6237.94,22,Gambling,Domestic,12,0,0,492,10854.64,0.62,5.32,0.69,2,0.77,1
TXN_12352,ACC_973,17146.73,19,Gambling,Domestic,8,0,1,2440,2850.04,0.66,10.72,0.72,6,0.7,1
TXN_12353,ACC_221,84.54,5,Grocery,Domestic,9,0,1,2420,8454.53,0.36,4.22,0.36,0,0.31,0
TXN_12354,ACC_911,2318.25,18,Wire_Transfer,Online_Unverified,3,1,0,904,6859.39,0.63,16.27,0.77,3,0.96,1
TXN_12355,ACC_835,1278.05,32,Crypto_Exchange,Domestic,13,0,1,955,9519.05,0.8,14.45,0.93,4,0.63,1
TXN_12356,ACC_206,175.99,2,Travel,International_LowRisk,0,1,1,2204,1500.0,0.32,14.74,0.11,0,0.11,0
TXN_12357,ACC_271,286.41,8,Grocery,Domestic,11,0,0,2311,9482.33,0.35,13.25,0.54,0,0.38,0
TXN_12358,ACC_260,3203.75,13,Grocery,International_HighRisk,21,0,1,2100,5898.93,0.63,8.54,0.96,4,0.63,1
TXN_12359,ACC_916,134.17,8,Utilities,Domestic,21,0,0,2066,4736.36,0.44,9.08,0.21,0,0.27,0
TXN_12360,ACC_267,5089.93,24,Wire_Transfer,Online_Unverified,21,0,1,3293,5317.57,0.83,5.76,0.92,4,0.98,1
TXN_12361,ACC_449,758.43,22,Wire_Transfer,International_HighRisk,7,0,0,570,6304.81,0.78,10.27,0.75,4,0.82,1
TXN_12362,ACC_691,47.8,8,Utilities,International_LowRisk,13,0,1,1171,3133.24,0.31,8.53,0.32,0,0.24,0
TXN_12363,ACC_761,559.76,34,Crypto_Exchange,Online_Unverified,20,0,0,3362,4291.71,0.45,8.92,0.76,2,0.8,1
TXN_12364,ACC_549,994.88,24,Gambling,Domestic,11,0,0,216,4584.14,0.7,14.05,0.88,6,0.8,1
TXN_12365,ACC_137,87.18,3,Grocery,Domestic,21,0,1,793,5356.53,0.3,9.22,0.51,0,0.21,0
TXN_12366,ACC_778,5497.91,17,Crypto_Exchange,Domestic,13,0,1,2379,10024.95,0.54,8.49,0.76,2,0.67,1
TXN_12367,ACC_808,46.42,2,Luxury_Goods,International_LowRisk,6,0,0,703,3177.59,0.43,14.44,0.5,0,0.24,0
TXN_12368,ACC_303,172.06,3,Grocery,Domestic,11,0,0,1630,9599.64,0.31,14.77,0.2,0,0.3,0
TXN_12369,ACC_838,99.15,8,Grocery,International_LowRisk,18,0,0,1438,7671.04,0.44,5.54,0.39,0,0.28,0
TXN_12370,ACC_482,155.62,4,Travel,Domestic,21,0,0,647,3157.34,0.39,9.18,0.12,0,0.3,0
TXN_12371,ACC_889,963.75,24,Crypto_Exchange,Domestic,19,0,1,2520,9367.77,0.62,13.68,0.71,5,0.76,1
TXN_12372,ACC_278,127.08,4,Grocery,Domestic,15,0,0,953,5108.64,0.39,4.43,0.57,0,0.02,0
TXN_12373,ACC_533,220.0,2,Utilities,Domestic,1,1,0,2287,8372.76,0.31,9.47,0.39,1,0.09,0
TXN_12374,ACC_146,24.4,2,Utilities,Domestic,15,0,0,3335,6114.79,0.39,9.85,0.56,0,0.38,0
TXN_12375,ACC_974,26.69,3,Grocery,Domestic,0,1,0,1480,4048.93,0.17,4.1,0.14,0,0.32,0
TXN_12376,ACC_943,81.01,3,Travel,Domestic,17,0,0,3548,6769.6,0.18,6.56,0.18,0,0.06,0
TXN_12377,ACC_912,4899.38,25,Crypto_Exchange,Domestic,22,0,0,3222,7099.59,0.65,13.24,0.8,3,0.92,1
TXN_12378,ACC_512,126.47,4,Utilities,Domestic,8,0,1,917,3188.72,0.42,8.55,0.16,2,0.16,0
TXN_12379,ACC_256,174.84,2,Grocery,Domestic,22,0,0,1226,6636.41,0.47,10.39,0.47,0,0.21,0
TXN_12380,ACC_257,52.06,3,Grocery,Online_Unverified,23,1,0,1478,8135.98,0.19,9.41,0.33,0,0.37,0
TXN_12381,ACC_486,975.58,28,Grocery,International_HighRisk,10,0,1,1625,7658.12,0.59,8.59,0.84,1,0.8,1
TXN_12382,ACC_348,5507.05,33,Crypto_Exchange,International_LowRisk,23,1,0,303,7434.18,0.5,8.31,0.72,2,0.79,1
TXN_12383,ACC_975,32.76,8,Electronics,Domestic,8,0,0,3420,2827.99,0.3,11.14,0.12,0,0.4,0
TXN_12384,ACC_597,34.5,2,Electronics,Domestic,17,0,0,1356,5617.65,0.36,12.95,0.27,0,0.32,0
TXN_12385,ACC_775,278.83,1,Grocery,International_LowRisk,5,1,0,1204,9651.44,0.29,14.97,0.4,0,0.34,0
TXN_12386,ACC_334,28.15,2,Electronics,International_LowRisk,21,0,0,1163,6537.58,0.3,8.15,0.49,0,0.16,0
TXN_12387,ACC_146,78.59,2,Utilities,Domestic,2,1,0,1783,5474.05,0.32,4.53,0.6,0,0.25,0
TXN_12388,ACC_374,113.2,7,Grocery,Domestic,21,0,0,2362,5612.96,0.39,13.26,0.2,0,0.22,0
TXN_12389,ACC_193,50.99,8,Electronics,Domestic,6,0,0,1495,5931.62,0.28,13.92,0.6,0,0.14,0
TXN_12390,ACC_161,190.85,3,Utilities,Domestic,4,1,1,678,9635.58,0.48,11.25,0.53,0,0.27,0
TXN_12391,ACC_172,47.53,2,Electronics,International_LowRisk,3,1,1,330,4263.54,0.38,10.25,0.48,0,0.17,0
TXN_12392,ACC_685,179.8,8,Grocery,International_LowRisk,19,0,0,2349,8143.84,0.21,6.74,0.14,0,0.23,0
TXN_12393,ACC_585,50.79,4,Grocery,Domestic,15,0,0,2495,6455.38,0.22,14.84,0.35,0,0.23,0
TXN_12394,ACC_289,241.66,8,Grocery,International_LowRisk,21,0,0,2878,7187.11,0.22,12.6,0.45,2,0.21,0
TXN_12395,ACC_643,53.16,4,Utilities,Domestic,17,0,0,881,8565.95,0.42,10.09,0.14,0,0.33,0
TXN_12396,ACC_801,69.74,2,Electronics,Online_Unverified,22,0,0,2610,3880.05,0.16,15.49,0.57,0,0.26,0
TXN_12397,ACC_436,127.71,6,Grocery,Domestic,16,0,0,540,6025.38,0.32,10.68,0.29,0,0.32,0
TXN_12398,ACC_262,17.45,8,Grocery,Domestic,0,1,0,1145,8555.92,0.4,11.28,0.42,0,0.07,0
TXN_12399,ACC_676,33.56,1,Electronics,International_LowRisk,9,0,0,1753,7173.81,0.32,5.05,0.28,0,0.18,0
TXN_12400,ACC_575,280.21,8,Utilities,Domestic,21,0,0,2374,7404.55,0.2,12.38,0.47,0,0.19,0
TXN_12401,ACC_560,1443.65,14,Gambling,International_HighRisk,2,1,0,1453,6110.42,0.51,5.25,0.66,4,0.77,1
TXN_12402,ACC_536,156.28,7,Electronics,Domestic,10,0,1,1319,5889.38,0.2,15.81,0.41,0,0.02,0
TXN_12403,ACC_581,339.54,7,Grocery,Domestic,12,0,0,1932,6581.05,0.16,4.54,0.41,0,0.1,0
TXN_12404,ACC_212,1967.59,30,Wire_Transfer,Domestic,11,0,1,942,8022.35,0.72,9.87,0.78,4,0.63,1
TXN_12405,ACC_428,73.09,1,Grocery,International_LowRisk,18,0,0,1462,5837.52,0.19,11.44,0.22,0,0.06,0
TXN_12406,ACC_641,65.36,4,Grocery,Domestic,6,0,0,3525,7058.48,0.31,9.0,0.42,2,0.1,0
TXN_12407,ACC_396,3645.02,32,Gambling,International_LowRisk,17,0,0,2535,5120.69,0.67,6.33,0.75,3,0.79,1
TXN_12408,ACC_502,113.66,5,Grocery,Domestic,21,0,0,3117,6393.58,0.17,9.24,0.54,2,0.35,0
TXN_12409,ACC_399,119.96,5,Luxury_Goods,Domestic,8,0,0,1650,7648.77,0.41,12.38,0.48,0,0.07,0
TXN_12410,ACC_717,284.76,5,Electronics,International_LowRisk,7,0,0,1876,5505.26,0.35,4.45,0.4,0,0.03,0
TXN_12411,ACC_688,3021.97,32,Wire_Transfer,International_HighRisk,8,0,1,3457,5516.47,0.56,14.73,0.71,6,0.84,1
TXN_12412,ACC_773,65.3,6,Electronics,Domestic,7,0,1,555,10854.59,0.47,4.36,0.59,0,0.11,0
TXN_12413,ACC_588,191.74,5,Luxury_Goods,Domestic,18,0,0,675,8083.49,0.25,12.88,0.11,0,0.05,0
TXN_12414,ACC_108,494.51,3,Travel,International_LowRisk,14,0,1,1990,5356.19,0.39,16.49,0.31,0,0.29,0
TXN_12415,ACC_590,4834.27,17,Grocery,International_HighRisk,16,0,0,2937,8074.55,0.5,15.93,0.96,6,0.9,1
TXN_12416,ACC_903,43.43,3,Utilities,Domestic,18,0,1,71,7419.15,0.24,11.51,0.44,0,0.21,0
TXN_12417,ACC_384,1542.43,12,Electronics,International_HighRisk,12,0,0,2532,5695.38,0.66,7.73,0.8,6,0.73,1
TXN_12418,ACC_328,1105.93,35,Electronics,International_HighRisk,4,1,0,466,1500.0,0.68,13.83,0.71,3,0.62,1
TXN_12419,ACC_239,37.25,7,Luxury_Goods,Domestic,14,0,0,2195,6535.66,0.26,8.08,0.47,1,0.05,0
TXN_12420,ACC_501,56.02,8,Grocery,Domestic,20,0,0,2304,6575.13,0.19,6.2,0.14,2,0.21,0
TXN_12421,ACC_925,193.85,5,Grocery,Domestic,6,0,0,2293,7270.11,0.39,6.68,0.11,0,0.21,0
TXN_12422,ACC_365,111.3,4,Electronics,Domestic,7,0,1,2285,1500.0,0.25,7.04,0.14,1,0.39,0
TXN_12423,ACC_309,49.29,3,Grocery,Domestic,13,0,1,1048,6906.96,0.47,11.96,0.51,0,0.16,0
TXN_12424,ACC_568,103.53,1,Grocery,Domestic,6,0,0,2746,3678.4,0.32,9.02,0.2,0,0.18,0
TXN_12425,ACC_693,205.5,7,Utilities,International_LowRisk,21,0,0,2242,6654.73,0.18,14.72,0.17,0,0.31,0
TXN_12426,ACC_133,22.19,3,Electronics,Online_Unverified,20,0,0,1179,8278.53,0.45,5.22,0.37,0,0.22,0
TXN_12427,ACC_696,48.0,8,Travel,Domestic,20,0,1,1201,5687.7,0.48,14.37,0.53,0,0.17,0
TXN_12428,ACC_369,282.81,1,Grocery,Domestic,6,0,0,2227,4606.03,0.47,9.8,0.41,0,0.08,0
TXN_12429,ACC_954,28.12,5,Utilities,Domestic,5,1,0,1415,5844.41,0.35,16.42,0.29,0,0.19,0
TXN_12430,ACC_869,3244.89,12,Grocery,International_HighRisk,5,1,1,657,6416.68,0.51,6.37,0.97,5,0.78,1
TXN_12431,ACC_738,213.04,7,Luxury_Goods,Domestic,0,1,1,471,6538.0,0.25,6.46,0.5,0,0.11,0
TXN_12432,ACC_998,185.18,8,Grocery,Domestic,6,0,1,3036,5457.49,0.42,6.26,0.56,0,0.26,0
TXN_12433,ACC_786,6135.8,8,Gambling,International_LowRisk,11,0,0,3535,4244.82,0.78,11.96,0.87,4,0.85,1
TXN_12434,ACC_537,57.45,6,Grocery,Domestic,19,0,0,3095,11397.17,0.23,5.0,0.41,0,0.08,0
TXN_12435,ACC_384,15.07,3,Electronics,Domestic,2,1,0,3039,5976.11,0.41,9.09,0.28,1,0.25,0
TXN_12436,ACC_888,141.18,5,Grocery,Domestic,7,0,1,3275,1827.86,0.48,14.6,0.58,0,0.15,0
TXN_12437,ACC_230,318.54,1,Utilities,Domestic,18,0,0,2969,7810.16,0.41,12.95,0.37,0,0.19,0
TXN_12438,ACC_267,754.03,1,Electronics,Domestic,1,1,0,3629,7157.78,0.39,12.64,0.52,0,0.15,0
TXN_12439,ACC_951,1879.98,11,Grocery,International_HighRisk,14,0,0,2660,3758.32,0.54,16.37,0.95,4,0.91,1
TXN_12440,ACC_751,93.2,3,Electronics,Domestic,8,0,0,234,9689.84,0.38,4.95,0.29,1,0.1,0
TXN_12441,ACC_755,126.04,8,Utilities,Domestic,14,0,1,1420,7193.45,0.17,4.27,0.53,0,0.37,0
TXN_12442,ACC_165,46.86,6,Grocery,Domestic,1,1,0,3135,5825.95,0.42,13.33,0.39,0,0.31,0
TXN_12443,ACC_829,21.23,4,Grocery,Domestic,23,1,1,2599,4410.67,0.34,16.2,0.21,0,0.36,0
TXN_12444,ACC_687,95.37,2,Luxury_Goods,Domestic,5,1,1,223,7409.75,0.36,12.74,0.57,0,0.03,0
TXN_12445,ACC_568,104.38,7,Travel,Domestic,22,0,0,3072,4885.57,0.24,12.82,0.12,0,0.34,0
TXN_12446,ACC_785,2251.12,9,Gambling,Online_Unverified,2,1,0,1223,6384.27,0.74,14.42,0.65,4,0.71,1
TXN_12447,ACC_810,75.31,6,Grocery,International_LowRisk,7,0,0,2567,6485.49,0.37,12.05,0.21,0,0.23,0
TXN_12448,ACC_811,315.41,2,Utilities,Domestic,23,1,0,737,5876.58,0.36,15.59,0.48,0,0.16,0
TXN_12449,ACC_604,2278.44,22,Gambling,International_LowRisk,7,0,1,699,6200.24,0.47,4.05,0.94,2,0.72,1
TXN_12450,ACC_121,76.63,3,Utilities,Domestic,4,1,1,1342,8724.58,0.39,10.09,0.41,0,0.08,0
TXN_12451,ACC_366,19.96,1,Electronics,International_LowRisk,6,0,0,3374,5587.66,0.4,15.11,0.52,0,0.27,0
TXN_12452,ACC_396,61.67,8,Grocery,Domestic,0,1,0,2406,7505.15,0.48,12.19,0.52,0,0.02,0
TXN_12453,ACC_112,46.59,6,Grocery,Domestic,5,1,1,1576,7070.07,0.46,7.64,0.33,0,0.11,0
TXN_12454,ACC_800,213.4,8,Grocery,International_LowRisk,10,0,1,2585,5887.21,0.28,14.03,0.31,0,0.37,0
TXN_12455,ACC_286,105.47,6,Utilities,International_LowRisk,6,0,1,1127,5734.0,0.2,15.65,0.41,0,0.28,0
TXN_12456,ACC_609,49.61,3,Utilities,International_LowRisk,5,1,0,359,7368.14,0.26,7.88,0.24,0,0.3,0
TXN_12457,ACC_457,180.35,6,Utilities,Domestic,19,0,1,675,8646.68,0.26,5.89,0.54,0,0.23,0
TXN_12458,ACC_392,76.42,3,Grocery,Domestic,13,0,1,1323,8129.37,0.26,12.58,0.28,0,0.2,0
TXN_12459,ACC_817,44.18,3,Electronics,Domestic,7,0,0,735,5181.01,0.35,14.81,0.57,0,0.29,0
TXN_12460,ACC_840,55.33,7,Grocery,International_LowRisk,5,1,1,2746,6840.97,0.36,13.06,0.59,0,0.25,0
TXN_12461,ACC_626,85.72,4,Grocery,International_LowRisk,10,0,1,943,6348.2,0.16,10.43,0.5,0,0.03,0
TXN_12462,ACC_878,3682.17,35,Wire_Transfer,Domestic,18,0,0,2915,6660.64,0.64,7.89,0.76,2,0.78,1
TXN_12463,ACC_976,2517.65,12,Grocery,International_HighRisk,2,1,1,3424,6501.08,0.55,6.43,0.84,1,0.74,1
TXN_12464,ACC_277,92.8,2,Luxury_Goods,Domestic,9,0,0,2234,7105.92,0.39,10.85,0.11,0,0.35,0
TXN_12465,ACC_545,37.3,1,Utilities,Domestic,12,0,0,2417,7406.08,0.25,15.23,0.28,0,0.33,0
TXN_12466,ACC_434,134.27,5,Grocery,Domestic,12,0,0,3459,8646.24,0.17,13.7,0.52,0,0.3,0
TXN_12467,ACC_100,129.14,8,Grocery,Domestic,18,0,0,2178,7161.73,0.18,15.92,0.35,0,0.04,0
TXN_12468,ACC_951,39.27,7,Grocery,Domestic,23,1,0,3594,9857.57,0.36,13.03,0.21,0,0.25,0
TXN_12469,ACC_418,168.75,4,Luxury_Goods,Domestic,13,0,0,768,9096.67,0.18,10.23,0.53,0,0.33,0
TXN_12470,ACC_244,40.39,4,Luxury_Goods,Domestic,4,1,1,1281,4325.04,0.29,14.12,0.3,0,0.23,0
TXN_12471,ACC_146,77.83,2,Grocery,International_LowRisk,17,0,1,2019,6604.04,0.45,8.55,0.13,0,0.02,0
TXN_12472,ACC_681,349.84,8,Luxury_Goods,International_LowRisk,3,1,1,3144,6754.35,0.42,8.74,0.52,0,0.27,0
TXN_12473,ACC_724,93.17,2,Electronics,International_LowRisk,18,0,0,2134,7119.11,0.42,9.81,0.25,0,0.08,0
TXN_12474,ACC_213,25.86,7,Luxury_Goods,Domestic,7,0,0,3050,7586.68,0.31,11.61,0.29,0,0.03,0
TXN_12475,ACC_272,15.78,3,Luxury_Goods,Domestic,11,0,0,822,4326.73,0.45,13.97,0.28,0,0.4,0
TXN_12476,ACC_293,4830.47,33,Wire_Transfer,Domestic,20,0,1,1136,6705.63,0.48,12.2,0.82,2,0.81,1
TXN_12477,ACC_350,8976.57,19,Wire_Transfer,International_HighRisk,17,0,0,2852,8351.93,0.81,10.69,0.74,5,0.64,1
TXN_12478,ACC_265,3675.03,32,Gambling,International_HighRisk,19,0,1,3172,3905.67,0.47,13.3,0.75,5,0.76,1
TXN_12479,ACC_726,179.49,3,Grocery,Domestic,17,0,0,3127,2605.32,0.24,5.27,0.42,0,0.27,0
TXN_12480,ACC_349,726.71,14,Wire_Transfer,Domestic,17,0,0,2526,6321.33,0.82,15.21,0.92,5,0.74,0
TXN_12481,ACC_789,318.09,7,Luxury_Goods,Online_Unverified,6,0,0,371,5290.56,0.23,7.34,0.36,1,0.36,0
TXN_12482,ACC_750,46.87,7,Grocery,International_LowRisk,17,0,0,1893,7759.12,0.2,9.66,0.26,0,0.21,0
TXN_12483,ACC_544,263.49,2,Electronics,Online_Unverified,3,1,1,2749,7046.62,0.22,9.79,0.54,0,0.23,0
TXN_12484,ACC_260,144.52,4,Grocery,Domestic,19,0,1,795,4091.34,0.48,8.98,0.48,0,0.32,0
TXN_12485,ACC_714,42.74,1,Luxury_Goods,Domestic,15,0,0,2005,5576.51,0.25,5.39,0.16,0,0.22,0
TXN_12486,ACC_197,18.88,3,Electronics,Domestic,20,0,0,2234,3891.99,0.4,12.25,0.41,0,0.27,0
TXN_12487,ACC_976,29.56,8,Electronics,Domestic,2,1,0,1708,4942.83,0.45,8.27,0.16,0,0.12,0
TXN_12488,ACC_615,422.96,4,Electronics,Domestic,18,0,0,1254,7788.13,0.24,6.63,0.5,0,0.24,0
TXN_12489,ACC_609,198.85,3,Grocery,International_LowRisk,22,0,0,1573,9770.01,0.34,7.38,0.44,0,0.28,0
TXN_12490,ACC_941,67.21,6,Utilities,Domestic,5,1,0,415,7382.07,0.34,12.78,0.25,0,0.35,0
TXN_12491,ACC_558,1154.49,3,Grocery,International_LowRisk,18,0,0,945,7745.54,0.44,9.79,0.31,0,0.18,0
TXN_12492,ACC_787,61.98,3,Utilities,International_LowRisk,14,0,0,2519,8146.71,0.46,5.36,0.54,0,0.25,0
TXN_12493,ACC_374,82.11,5,Electronics,Domestic,19,0,0,1823,5768.44,0.39,11.07,0.59,0,0.19,0
TXN_12494,ACC_505,27.12,8,Utilities,Domestic,17,0,0,2814,6356.83,0.31,9.37,0.48,0,0.34,0
TXN_12495,ACC_672,288.16,5,Utilities,International_LowRisk,18,0,0,2115,7478.47,0.48,6.44,0.22,0,0.12,0
TXN_12496,ACC_722,1041.32,15,Crypto_Exchange,International_HighRisk,3,1,0,3466,7443.74,0.76,7.0,0.73,3,0.61,1
TXN_12497,ACC_569,171.72,2,Utilities,International_LowRisk,6,0,0,1229,5186.58,0.49,7.76,0.3,2,0.11,0
TXN_12498,ACC_646,28.93,3,Grocery,Domestic,0,1,0,2138,3788.92,0.39,14.22,0.29,0,0.2,0
TXN_12499,ACC_996,109.3,1,Grocery,Online_Unverified,3,1,0,601,9580.22,0.17,6.47,0.41,0,0.02,0
TXN_12500,ACC_140,220.34,1,Utilities,Domestic,19,0,0,763,8437.0,0.26,11.33,0.51,0,0.37,0
